"","participant_id","other_data_name_1","other_data_interest_1","other_data_name_2","other_data_interest_2","other_data_name_3","other_data_interest_3","other_data_name_4","other_data_interest_4","other_data_name_5","other_data_interest_5","other_data_name_6","other_data_interest_6","other_data_name_7","other_data_interest_7","other_data_name_8","other_data_interest_8","other_data_name_9","other_data_interest_9","other_data_name_10","other_data_interest_10","other_data_name_11","other_data_interest_11","other_data_name_12","other_data_interest_12","other_data_name_13","other_data_interest_13","other_data_name_14","other_data_interest_14","other_data_name_15","other_data_interest_15","other_data_name_16","other_data_interest_16","other_data_name_17","other_data_interest_17","other_data_name_18","other_data_interest_18","other_data_name_19","other_data_interest_19","other_data_name_20","other_data_interest_20"
"1",1,"heart beat","Very interested","breath","Slightly interetsed","","Did not select","","Did not select","","Did not select","","Did not select","","Did not select","","Did not select",NA,"Did not select",NA,"Did not select",NA,"Did not select",NA,"Did not select",NA,"Did not select",NA,"Did not select",NA,"Did not select",NA,"Did not select",NA,"Did not select",NA,"Did not select",NA,"Did not select",NA,"Did not select"
"2",8,"","Did not select","","Did not select","","Did not select","","Did not select","","Did not select","","Did not select","","Did not select","","Did not select",NA,"Did not select",NA,"Did not select",NA,"Did not select",NA,"Did not select",NA,"Did not select",NA,"Did not select",NA,"Did not select",NA,"Did not select",NA,"Did not select",NA,"Did not select",NA,"Did not select",NA,"Did not select"
"3",24,"","Did not select","","Did not select","","Did not select","","Did not select","","Did not select","","Did not select","","Did not select","","Did not select",NA,"Did not select",NA,"Did not select",NA,"Did not select",NA,"Did not select",NA,"Did not select",NA,"Did not select",NA,"Did not select",NA,"Did not select",NA,"Did not select",NA,"Did not select",NA,"Did not select",NA,"Did not select"
"4",28,"the winner record for every match in history","Extremely interested","","Did not select","","Did not select","","Did not select","","Did not select","","Did not select","","Did not select","","Did not select",NA,"Did not select",NA,"Did not select",NA,"Did not select",NA,"Did not select",NA,"Did not select",NA,"Did not select",NA,"Did not select",NA,"Did not select",NA,"Did not select",NA,"Did not select",NA,"Did not select",NA,"Did not select"
"5",29,"","Did not select","","Did not select","","Did not select","","Did not select","","Did not select","","Did not select","","Did not select","","Did not select",NA,"Did not select",NA,"Did not select",NA,"Did not select",NA,"Did not select",NA,"Did not select",NA,"Did not select",NA,"Did not select",NA,"Did not select",NA,"Did not select",NA,"Did not select",NA,"Did not select",NA,"Did not select"
"6",30,"The strokes used in each stage of the medley","Extremely interested","","Did not select","","Did not select","","Did not select","","Did not select","","Did not select","","Did not select","","Did not select",NA,"Did not select",NA,"Did not select",NA,"Did not select",NA,"Did not select",NA,"Did not select",NA,"Did not select",NA,"Did not select",NA,"Did not select",NA,"Did not select",NA,"Did not select",NA,"Did not select",NA,"Did not select"
"7",39,"","Did not select","","Did not select","","Did not select","","Did not select","","Did not select","","Did not select","","Did not select","","Did not select",NA,"Did not select",NA,"Did not select",NA,"Did not select",NA,"Did not select",NA,"Did not select",NA,"Did not select",NA,"Did not select",NA,"Did not select",NA,"Did not select",NA,"Did not select",NA,"Did not select",NA,"Did not select"
"8",41,"Improvement compared to PB","Very interested","Relevant doping history","Very interested","Strokes per lap","Slightly interetsed","","Did not select","","Did not select","","Did not select","","Did not select","","Did not select",NA,"Did not select",NA,"Did not select",NA,"Did not select",NA,"Did not select",NA,"Did not select",NA,"Did not select",NA,"Did not select",NA,"Did not select",NA,"Did not select",NA,"Did not select",NA,"Did not select",NA,"Did not select"
"9",42,"","Did not select","","Did not select","","Did not select","","Did not select","","Did not select","","Did not select","","Did not select","","Did not select",NA,"Did not select",NA,"Did not select",NA,"Did not select",NA,"Did not select",NA,"Did not select",NA,"Did not select",NA,"Did not select",NA,"Did not select",NA,"Did not select",NA,"Did not select",NA,"Did not select",NA,"Did not select"
"10",46,"","Did not select","","Did not select","","Did not select","","Did not select","","Did not select","","Did not select","","Did not select","","Did not select",NA,"Did not select",NA,"Did not select",NA,"Did not select",NA,"Did not select",NA,"Did not select",NA,"Did not select",NA,"Did not select",NA,"Did not select",NA,"Did not select",NA,"Did not select",NA,"Did not select",NA,"Did not select"
"11",50,"","Did not select","","Did not select","","Did not select","","Did not select","","Did not select","","Did not select","","Did not select","","Did not select",NA,"Did not select",NA,"Did not select",NA,"Did not select",NA,"Did not select",NA,"Did not select",NA,"Did not select",NA,"Did not select",NA,"Did not select",NA,"Did not select",NA,"Did not select",NA,"Did not select",NA,"Did not select"
"12",51,"","Did not select","","Did not select","","Did not select","","Did not select","","Did not select","","Did not select","","Did not select","","Did not select",NA,"Did not select",NA,"Did not select",NA,"Did not select",NA,"Did not select",NA,"Did not select",NA,"Did not select",NA,"Did not select",NA,"Did not select",NA,"Did not select",NA,"Did not select",NA,"Did not select",NA,"Did not select"
"13",52,"How much strength is applied at the start on the block","Extremely interested","The distance at which swimmers enter the water with their dives","Very interested","","Did not select","","Did not select","","Did not select","","Did not select","","Did not select","","Did not select",NA,"Did not select",NA,"Did not select",NA,"Did not select",NA,"Did not select",NA,"Did not select",NA,"Did not select",NA,"Did not select",NA,"Did not select",NA,"Did not select",NA,"Did not select",NA,"Did not select",NA,"Did not select"
"14",56,"","Did not select","","Did not select","","Did not select","","Did not select","","Did not select","","Did not select","","Did not select","","Did not select",NA,"Did not select",NA,"Did not select",NA,"Did not select",NA,"Did not select",NA,"Did not select",NA,"Did not select",NA,"Did not select",NA,"Did not select",NA,"Did not select",NA,"Did not select",NA,"Did not select",NA,"Did not select"
"15",57,"","Did not select","","Did not select","","Did not select","","Did not select","","Did not select","","Did not select","","Did not select","","Did not select",NA,"Did not select",NA,"Did not select",NA,"Did not select",NA,"Did not select",NA,"Did not select",NA,"Did not select",NA,"Did not select",NA,"Did not select",NA,"Did not select",NA,"Did not select",NA,"Did not select",NA,"Did not select"
"16",60,"Distances to winner and to consecutive swimmers after completion of race (i.e. 5cm 2nd to 1st) ","Extremely interested","Training kilometers or training techniques before a race starts","Very interested","How far they jump from the blocks","Moderately interested","How fast a swimmer turns","Moderately interested","Speed after turn (how good the turn is) ","Very interested","Water position of a swimmer","Moderately interested","Infos on successes or PBs of swimmers just before the race","Very interested","Development of swimming times of a swimmer (before race starts) ","Very interested",NA,"Did not select",NA,"Did not select",NA,"Did not select",NA,"Did not select",NA,"Did not select",NA,"Did not select",NA,"Did not select",NA,"Did not select",NA,"Did not select",NA,"Did not select",NA,"Did not select",NA,"Did not select"
"17",64,"Stroke tempo (duration to complete a stroke)","Very interested","Distance underwater (meters spent underwater off start and turns)","Extremely interested","Number of underwater kicks (off to start and turns)","Very interested","","Did not select","","Did not select","","Did not select","","Did not select","","Did not select",NA,"Did not select",NA,"Did not select",NA,"Did not select",NA,"Did not select",NA,"Did not select",NA,"Did not select",NA,"Did not select",NA,"Did not select",NA,"Did not select",NA,"Did not select",NA,"Did not select",NA,"Did not select"
"18",69,"","Did not select","","Did not select","","Did not select","","Did not select","","Did not select","","Did not select","","Did not select","","Did not select",NA,"Did not select",NA,"Did not select",NA,"Did not select",NA,"Did not select",NA,"Did not select",NA,"Did not select",NA,"Did not select",NA,"Did not select",NA,"Did not select",NA,"Did not select",NA,"Did not select",NA,"Did not select"
"19",70,"","Did not select","","Did not select","","Did not select","","Did not select","","Did not select","","Did not select","","Did not select","","Did not select",NA,"Did not select",NA,"Did not select",NA,"Did not select",NA,"Did not select",NA,"Did not select",NA,"Did not select",NA,"Did not select",NA,"Did not select",NA,"Did not select",NA,"Did not select",NA,"Did not select",NA,"Did not select"
"20",71,"","Did not select","","Did not select","","Did not select","","Did not select","","Did not select","","Did not select","","Did not select","","Did not select",NA,"Did not select",NA,"Did not select",NA,"Did not select",NA,"Did not select",NA,"Did not select",NA,"Did not select",NA,"Did not select",NA,"Did not select",NA,"Did not select",NA,"Did not select",NA,"Did not select",NA,"Did not select"
"21",72,"AR visualizations when the hand is touching the wall or the clock","Very interested","AR data visualizations using the deep camera","Extremely interested","Moments of breading ","Extremely interested","Kicking Moments accelerations","Extremely interested","Distance of entering the water at the start","Extremely interested","Distance inside the water (braces)","Extremely interested","","Did not select","","Did not select",NA,"Did not select",NA,"Did not select",NA,"Did not select",NA,"Did not select",NA,"Did not select",NA,"Did not select",NA,"Did not select",NA,"Did not select",NA,"Did not select",NA,"Did not select",NA,"Did not select",NA,"Did not select"
"22",73,"","Did not select","","Did not select","","Did not select","","Did not select","","Did not select","","Did not select","","Did not select","","Did not select",NA,"Did not select",NA,"Did not select",NA,"Did not select",NA,"Did not select",NA,"Did not select",NA,"Did not select",NA,"Did not select",NA,"Did not select",NA,"Did not select",NA,"Did not select",NA,"Did not select",NA,"Did not select"
"23",74,"","Did not select","","Did not select","","Did not select","","Did not select","","Did not select","","Did not select","","Did not select","","Did not select",NA,"Did not select",NA,"Did not select",NA,"Did not select",NA,"Did not select",NA,"Did not select",NA,"Did not select",NA,"Did not select",NA,"Did not select",NA,"Did not select",NA,"Did not select",NA,"Did not select",NA,"Did not select"
"24",75,"","Did not select","","Did not select","","Did not select","","Did not select","","Did not select","","Did not select","","Did not select","","Did not select",NA,"Did not select",NA,"Did not select",NA,"Did not select",NA,"Did not select",NA,"Did not select",NA,"Did not select",NA,"Did not select",NA,"Did not select",NA,"Did not select",NA,"Did not select",NA,"Did not select",NA,"Did not select"
"25",76,"Average number of stroke","Extremely interested","Comparison of number of stroke between swimmers","Extremely interested","Time  and speed spent turning","Extremely interested","Distance under water when turning","Extremely interested","When they emerged from the water compared to others","Extremely interested","","Did not select","","Did not select","","Did not select",NA,"Did not select",NA,"Did not select",NA,"Did not select",NA,"Did not select",NA,"Did not select",NA,"Did not select",NA,"Did not select",NA,"Did not select",NA,"Did not select",NA,"Did not select",NA,"Did not select",NA,"Did not select"
"26",78,"An alert whenever an underdog makes it to a race  would make me more interested in that race","Extremely interested","It would be interesting to get a summary of who outperformed and who failed to meet expectations ","Extremely interested","","Did not select","","Did not select","","Did not select","","Did not select","","Did not select","","Did not select",NA,"Did not select",NA,"Did not select",NA,"Did not select",NA,"Did not select",NA,"Did not select",NA,"Did not select",NA,"Did not select",NA,"Did not select",NA,"Did not select",NA,"Did not select",NA,"Did not select",NA,"Did not select"
"27",79,"Number of medals already won during the same event","Extremely interested","Number of gold medals at the Olympics","Extremely interested","Number of silver medals at the Olympics","Extremely interested","bronzesilver medals at the Olympics","Extremely interested","QR code or link to a web page presenting the swimmer","Extremely interested","False start","Extremely interested","Disqualification","Extremely interested","Reaction time of all swimmers during relays","Extremely interested",NA,"Did not select",NA,"Did not select",NA,"Did not select",NA,"Did not select",NA,"Did not select",NA,"Did not select",NA,"Did not select",NA,"Did not select",NA,"Did not select",NA,"Did not select",NA,"Did not select",NA,"Did not select"
"28",81,"","Did not select","","Did not select","","Did not select","","Did not select","","Did not select","","Did not select","","Did not select","","Did not select",NA,"Did not select",NA,"Did not select",NA,"Did not select",NA,"Did not select",NA,"Did not select",NA,"Did not select",NA,"Did not select",NA,"Did not select",NA,"Did not select",NA,"Did not select",NA,"Did not select",NA,"Did not select"
"29",83,"","Did not select","","Did not select","","Did not select","","Did not select","","Did not select","","Did not select","","Did not select","","Did not select",NA,"Did not select",NA,"Did not select",NA,"Did not select",NA,"Did not select",NA,"Did not select",NA,"Did not select",NA,"Did not select",NA,"Did not select",NA,"Did not select",NA,"Did not select",NA,"Did not select",NA,"Did not select"
"30",84,"","Did not select","","Did not select","","Did not select","","Did not select","","Did not select","","Did not select","","Did not select","","Did not select",NA,"Did not select",NA,"Did not select",NA,"Did not select",NA,"Did not select",NA,"Did not select",NA,"Did not select",NA,"Did not select",NA,"Did not select",NA,"Did not select",NA,"Did not select",NA,"Did not select",NA,"Did not select"
"31",85,"","Did not select","","Did not select","","Did not select","","Did not select","","Did not select","","Did not select","","Did not select","","Did not select",NA,"Did not select",NA,"Did not select",NA,"Did not select",NA,"Did not select",NA,"Did not select",NA,"Did not select",NA,"Did not select",NA,"Did not select",NA,"Did not select",NA,"Did not select",NA,"Did not select",NA,"Did not select"
"32",88,"Swimming Club and Trainer","Very interested","Sporting successes (e.g. European Champion)","Very interested","","Did not select","","Did not select","","Did not select","","Did not select","","Did not select","","Did not select",NA,"Did not select",NA,"Did not select",NA,"Did not select",NA,"Did not select",NA,"Did not select",NA,"Did not select",NA,"Did not select",NA,"Did not select",NA,"Did not select",NA,"Did not select",NA,"Did not select",NA,"Did not select"
"33",89,"Cadence (strokes wrt time)","Extremely interested","","Did not select","","Did not select","","Did not select","","Did not select","","Did not select","","Did not select","","Did not select",NA,"Did not select",NA,"Did not select",NA,"Did not select",NA,"Did not select",NA,"Did not select",NA,"Did not select",NA,"Did not select",NA,"Did not select",NA,"Did not select",NA,"Did not select",NA,"Did not select",NA,"Did not select"
"34",91,"","Did not select","","Did not select","","Did not select","","Did not select","","Did not select","","Did not select","","Did not select","","Did not select",NA,"Did not select",NA,"Did not select",NA,"Did not select",NA,"Did not select",NA,"Did not select",NA,"Did not select",NA,"Did not select",NA,"Did not select",NA,"Did not select",NA,"Did not select",NA,"Did not select",NA,"Did not select"
"35",93,"","Did not select","","Did not select","","Did not select","","Did not select","","Did not select","","Did not select","","Did not select","","Did not select",NA,"Did not select",NA,"Did not select",NA,"Did not select",NA,"Did not select",NA,"Did not select",NA,"Did not select",NA,"Did not select",NA,"Did not select",NA,"Did not select",NA,"Did not select",NA,"Did not select",NA,"Did not select"
"36",95,"","Did not select","","Did not select","","Did not select","","Did not select","","Did not select","","Did not select","","Did not select","","Did not select",NA,"Did not select",NA,"Did not select",NA,"Did not select",NA,"Did not select",NA,"Did not select",NA,"Did not select",NA,"Did not select",NA,"Did not select",NA,"Did not select",NA,"Did not select",NA,"Did not select",NA,"Did not select"
"37",97,"","Did not select","","Did not select","","Did not select","","Did not select","","Did not select","","Did not select","","Did not select","","Did not select",NA,"Did not select",NA,"Did not select",NA,"Did not select",NA,"Did not select",NA,"Did not select",NA,"Did not select",NA,"Did not select",NA,"Did not select",NA,"Did not select",NA,"Did not select",NA,"Did not select",NA,"Did not select"
"38",98,"Personnel record sum of remaining swimmers in relay","Moderately interested","Recent ¨¦volution of personal record (within a year)","Moderately interested","","Did not select","","Did not select","","Did not select","","Did not select","","Did not select","","Did not select",NA,"Did not select",NA,"Did not select",NA,"Did not select",NA,"Did not select",NA,"Did not select",NA,"Did not select",NA,"Did not select",NA,"Did not select",NA,"Did not select",NA,"Did not select",NA,"Did not select",NA,"Did not select"
"39",101,"","Did not select","","Did not select","","Did not select","","Did not select","","Did not select","","Did not select","","Did not select","","Did not select",NA,"Did not select",NA,"Did not select",NA,"Did not select",NA,"Did not select",NA,"Did not select",NA,"Did not select",NA,"Did not select",NA,"Did not select",NA,"Did not select",NA,"Did not select",NA,"Did not select",NA,"Did not select"
"40",102,"","Did not select","","Did not select","","Did not select","","Did not select","","Did not select","","Did not select","","Did not select","","Did not select",NA,"Did not select",NA,"Did not select",NA,"Did not select",NA,"Did not select",NA,"Did not select",NA,"Did not select",NA,"Did not select",NA,"Did not select",NA,"Did not select",NA,"Did not select",NA,"Did not select",NA,"Did not select"
"41",105,"","Did not select","","Did not select","","Did not select","","Did not select","","Did not select","","Did not select","","Did not select","","Did not select",NA,"Did not select",NA,"Did not select",NA,"Did not select",NA,"Did not select",NA,"Did not select",NA,"Did not select",NA,"Did not select",NA,"Did not select",NA,"Did not select",NA,"Did not select",NA,"Did not select",NA,"Did not select"
"42",107,"Curve evolution performance per athlete ","Very interested","Age ","Very interested","At start and each turn: underwater distance and number of dolphin kicks","Extremely interested","Number breath and which side per 50m","Very interested","","Did not select","","Did not select","","Did not select","","Did not select",NA,"Did not select",NA,"Did not select",NA,"Did not select",NA,"Did not select",NA,"Did not select",NA,"Did not select",NA,"Did not select",NA,"Did not select",NA,"Did not select",NA,"Did not select",NA,"Did not select",NA,"Did not select"
"43",110,"","Did not select","","Did not select","","Did not select","","Did not select","","Did not select","","Did not select","","Did not select","","Did not select",NA,"Did not select",NA,"Did not select",NA,"Did not select",NA,"Did not select",NA,"Did not select",NA,"Did not select",NA,"Did not select",NA,"Did not select",NA,"Did not select",NA,"Did not select",NA,"Did not select",NA,"Did not select"
"44",114,"Flip turn timing","Very interested","Distance at peak swimming speed (25m or 50m)","Very interested","Timing of the different swimming phases (reaction time, flight phase, diving time, swimming time, flip turn time)","Very interested","","Did not select","","Did not select","","Did not select","","Did not select","","Did not select",NA,"Did not select",NA,"Did not select",NA,"Did not select",NA,"Did not select",NA,"Did not select",NA,"Did not select",NA,"Did not select",NA,"Did not select",NA,"Did not select",NA,"Did not select",NA,"Did not select",NA,"Did not select"
"45",115,"","Did not select","","Did not select","","Did not select","","Did not select","","Did not select","","Did not select","","Did not select","","Did not select",NA,"Did not select",NA,"Did not select",NA,"Did not select",NA,"Did not select",NA,"Did not select",NA,"Did not select",NA,"Did not select",NA,"Did not select",NA,"Did not select",NA,"Did not select",NA,"Did not select",NA,"Did not select"
"46",119,"","Did not select","","Did not select","","Did not select","","Did not select","","Did not select","","Did not select","","Did not select","","Did not select",NA,"Did not select",NA,"Did not select",NA,"Did not select",NA,"Did not select",NA,"Did not select",NA,"Did not select",NA,"Did not select",NA,"Did not select",NA,"Did not select",NA,"Did not select",NA,"Did not select",NA,"Did not select"
"47",121,"","Did not select","","Did not select","","Did not select","","Did not select","","Did not select","","Did not select","","Did not select","","Did not select",NA,"Did not select",NA,"Did not select",NA,"Did not select",NA,"Did not select",NA,"Did not select",NA,"Did not select",NA,"Did not select",NA,"Did not select",NA,"Did not select",NA,"Did not select",NA,"Did not select",NA,"Did not select"
"48",123,"","Did not select","","Did not select","","Did not select","","Did not select","","Did not select","","Did not select","","Did not select","","Did not select",NA,"Did not select",NA,"Did not select",NA,"Did not select",NA,"Did not select",NA,"Did not select",NA,"Did not select",NA,"Did not select",NA,"Did not select",NA,"Did not select",NA,"Did not select",NA,"Did not select",NA,"Did not select"
"49",124,"","Did not select","","Did not select","","Did not select","","Did not select","","Did not select","","Did not select","","Did not select","","Did not select",NA,"Did not select",NA,"Did not select",NA,"Did not select",NA,"Did not select",NA,"Did not select",NA,"Did not select",NA,"Did not select",NA,"Did not select",NA,"Did not select",NA,"Did not select",NA,"Did not select",NA,"Did not select"
"50",126,"","Did not select","","Did not select","","Did not select","","Did not select","","Did not select","","Did not select","","Did not select","","Did not select",NA,"Did not select",NA,"Did not select",NA,"Did not select",NA,"Did not select",NA,"Did not select",NA,"Did not select",NA,"Did not select",NA,"Did not select",NA,"Did not select",NA,"Did not select",NA,"Did not select",NA,"Did not select"
"51",129,"","Did not select","","Did not select","","Did not select","","Did not select","","Did not select","","Did not select","","Did not select","","Did not select",NA,"Did not select",NA,"Did not select",NA,"Did not select",NA,"Did not select",NA,"Did not select",NA,"Did not select",NA,"Did not select",NA,"Did not select",NA,"Did not select",NA,"Did not select",NA,"Did not select",NA,"Did not select"
"52",131,"","Did not select","","Did not select","","Did not select","","Did not select","","Did not select","","Did not select","","Did not select","","Did not select",NA,"Did not select",NA,"Did not select",NA,"Did not select",NA,"Did not select",NA,"Did not select",NA,"Did not select",NA,"Did not select",NA,"Did not select",NA,"Did not select",NA,"Did not select",NA,"Did not select",NA,"Did not select"
"53",132,"Donn¨¦es sur l'entra<U+00EE>neur","Very interested","Donn¨¦es sur les conditions et lieux d'entra<U+00EE>nement","Very interested","Situer les participations ¨¤ diff¨¦rentes comp¨¦tions et leurs r¨¦sultats","Very interested","Conna<U+00EE>tre le d¨¦calage horaire dans lequel se situe le nageur","Moderately interested","","Did not select","","Did not select","","Did not select","","Did not select",NA,"Did not select",NA,"Did not select",NA,"Did not select",NA,"Did not select",NA,"Did not select",NA,"Did not select",NA,"Did not select",NA,"Did not select",NA,"Did not select",NA,"Did not select",NA,"Did not select",NA,"Did not select"
"54",134,"","Did not select","","Did not select","","Did not select","","Did not select","","Did not select","","Did not select","","Did not select","","Did not select",NA,"Did not select",NA,"Did not select",NA,"Did not select",NA,"Did not select",NA,"Did not select",NA,"Did not select",NA,"Did not select",NA,"Did not select",NA,"Did not select",NA,"Did not select",NA,"Did not select",NA,"Did not select"
"55",135,"","Did not select","","Did not select","","Did not select","","Did not select","","Did not select","","Did not select","","Did not select","","Did not select",NA,"Did not select",NA,"Did not select",NA,"Did not select",NA,"Did not select",NA,"Did not select",NA,"Did not select",NA,"Did not select",NA,"Did not select",NA,"Did not select",NA,"Did not select",NA,"Did not select",NA,"Did not select"
"56",140,"Swimming styles (Breaststroke/Backstroke/<U+200E>Butterfly stroke/Freestyle swimming<U+200E><U+200E>)","Extremely interested","Swimwear(high technology)","Very interested","","Did not select","","Did not select","","Did not select","","Did not select","","Did not select","","Did not select",NA,"Did not select",NA,"Did not select",NA,"Did not select",NA,"Did not select",NA,"Did not select",NA,"Did not select",NA,"Did not select",NA,"Did not select",NA,"Did not select",NA,"Did not select",NA,"Did not select",NA,"Did not select"
"57",141,"","Did not select","","Did not select","","Did not select","","Did not select","","Did not select","","Did not select","","Did not select","","Did not select",NA,"Did not select",NA,"Did not select",NA,"Did not select",NA,"Did not select",NA,"Did not select",NA,"Did not select",NA,"Did not select",NA,"Did not select",NA,"Did not select",NA,"Did not select",NA,"Did not select",NA,"Did not select"
"58",142,"","Did not select","","Did not select","","Did not select","","Did not select","","Did not select","","Did not select","","Did not select","","Did not select",NA,"Did not select",NA,"Did not select",NA,"Did not select",NA,"Did not select",NA,"Did not select",NA,"Did not select",NA,"Did not select",NA,"Did not select",NA,"Did not select",NA,"Did not select",NA,"Did not select",NA,"Did not select"
"59",145,"Predict 1st, 2nd and 3rd from the start of last lap","Extremely interested","Swimmer's previous olympic awards","Moderately interested","","Did not select","","Did not select","","Did not select","","Did not select","","Did not select","","Did not select",NA,"Did not select",NA,"Did not select",NA,"Did not select",NA,"Did not select",NA,"Did not select",NA,"Did not select",NA,"Did not select",NA,"Did not select",NA,"Did not select",NA,"Did not select",NA,"Did not select",NA,"Did not select"
"60",147,"","Did not select","","Did not select","","Did not select","","Did not select","","Did not select","","Did not select","","Did not select","","Did not select",NA,"Did not select",NA,"Did not select",NA,"Did not select",NA,"Did not select",NA,"Did not select",NA,"Did not select",NA,"Did not select",NA,"Did not select",NA,"Did not select",NA,"Did not select",NA,"Did not select",NA,"Did not select"
"61",149,"","Did not select","","Did not select","","Did not select","","Did not select","","Did not select","","Did not select","","Did not select","","Did not select",NA,"Did not select",NA,"Did not select",NA,"Did not select",NA,"Did not select",NA,"Did not select",NA,"Did not select",NA,"Did not select",NA,"Did not select",NA,"Did not select",NA,"Did not select",NA,"Did not select",NA,"Did not select"
"62",153,"The athlete's highest performance in this event","Slightly interetsed","Speed data analysis of athletes in event","Moderately interested","","Did not select","","Did not select","","Did not select","","Did not select","","Did not select","","Did not select",NA,"Did not select",NA,"Did not select",NA,"Did not select",NA,"Did not select",NA,"Did not select",NA,"Did not select",NA,"Did not select",NA,"Did not select",NA,"Did not select",NA,"Did not select",NA,"Did not select",NA,"Did not select"
"63",154,"","Did not select","","Did not select","","Did not select","","Did not select","","Did not select","","Did not select","","Did not select","","Did not select",NA,"Did not select",NA,"Did not select",NA,"Did not select",NA,"Did not select",NA,"Did not select",NA,"Did not select",NA,"Did not select",NA,"Did not select",NA,"Did not select",NA,"Did not select",NA,"Did not select",NA,"Did not select"
"64",160,"Probablility of winning","Very interested","Swimmer's energy depense estimation","Moderately interested","Probability of record breaking","Very interested","","Did not select","","Did not select","","Did not select","","Did not select","","Did not select",NA,"Did not select",NA,"Did not select",NA,"Did not select",NA,"Did not select",NA,"Did not select",NA,"Did not select",NA,"Did not select",NA,"Did not select",NA,"Did not select",NA,"Did not select",NA,"Did not select",NA,"Did not select"
"65",161,"","Did not select","","Did not select","","Did not select","","Did not select","","Did not select","","Did not select","","Did not select","","Did not select",NA,"Did not select",NA,"Did not select",NA,"Did not select",NA,"Did not select",NA,"Did not select",NA,"Did not select",NA,"Did not select",NA,"Did not select",NA,"Did not select",NA,"Did not select",NA,"Did not select",NA,"Did not select"
"66",162,"","Did not select","","Did not select","","Did not select","","Did not select","","Did not select","","Did not select","","Did not select","","Did not select",NA,"Did not select",NA,"Did not select",NA,"Did not select",NA,"Did not select",NA,"Did not select",NA,"Did not select",NA,"Did not select",NA,"Did not select",NA,"Did not select",NA,"Did not select",NA,"Did not select",NA,"Did not select"
"67",164,"","Did not select","","Did not select","","Did not select","","Did not select","","Did not select","","Did not select","","Did not select","","Did not select",NA,"Did not select",NA,"Did not select",NA,"Did not select",NA,"Did not select",NA,"Did not select",NA,"Did not select",NA,"Did not select",NA,"Did not select",NA,"Did not select",NA,"Did not select",NA,"Did not select",NA,"Did not select"
"68",165,"diving distance (after starts and turns)","Very interested","velocity underwater","Very interested","","Did not select","","Did not select","","Did not select","","Did not select","","Did not select","","Did not select",NA,"Did not select",NA,"Did not select",NA,"Did not select",NA,"Did not select",NA,"Did not select",NA,"Did not select",NA,"Did not select",NA,"Did not select",NA,"Did not select",NA,"Did not select",NA,"Did not select",NA,"Did not select"
"69",166,"Takeover reaction time for relays","Extremely interested","","Did not select","","Did not select","","Did not select","","Did not select","","Did not select","","Did not select","","Did not select",NA,"Did not select",NA,"Did not select",NA,"Did not select",NA,"Did not select",NA,"Did not select",NA,"Did not select",NA,"Did not select",NA,"Did not select",NA,"Did not select",NA,"Did not select",NA,"Did not select",NA,"Did not select"
"70",169,"","Did not select","","Did not select","","Did not select","","Did not select","","Did not select","","Did not select","","Did not select","","Did not select",NA,"Did not select",NA,"Did not select",NA,"Did not select",NA,"Did not select",NA,"Did not select",NA,"Did not select",NA,"Did not select",NA,"Did not select",NA,"Did not select",NA,"Did not select",NA,"Did not select",NA,"Did not select"
"71",171,"Time they took for the turn at the wall when they arrive to when their feet leave the wall","Very interested","","Did not select","","Did not select","","Did not select","","Did not select","","Did not select","","Did not select","","Did not select",NA,"Did not select",NA,"Did not select",NA,"Did not select",NA,"Did not select",NA,"Did not select",NA,"Did not select",NA,"Did not select",NA,"Did not select",NA,"Did not select",NA,"Did not select",NA,"Did not select",NA,"Did not select"
"72",174,"","Did not select","","Did not select","","Did not select","","Did not select","","Did not select","","Did not select","","Did not select","","Did not select",NA,"Did not select",NA,"Did not select",NA,"Did not select",NA,"Did not select",NA,"Did not select",NA,"Did not select",NA,"Did not select",NA,"Did not select",NA,"Did not select",NA,"Did not select",NA,"Did not select",NA,"Did not select"
"73",177,"In many auto racing events, while you are watching on TV, there is a companion web site that shows lap times.  Would be great if some of the parameters like stroke frequency, distance per stroke would be posted as the race progresses.","Extremely interested","The race data collected by your technology is posted on a web site for fans to view after the event is over.  The sport of swimming really does not have the ¡°stats¡± element that other sports have had for decades.","Extremely interested","","Did not select","","Did not select","","Did not select","","Did not select","","Did not select","","Did not select",NA,"Did not select",NA,"Did not select",NA,"Did not select",NA,"Did not select",NA,"Did not select",NA,"Did not select",NA,"Did not select",NA,"Did not select",NA,"Did not select",NA,"Did not select",NA,"Did not select",NA,"Did not select"
"74",178,"heartbeat","Very interested","","Did not select","","Did not select","","Did not select","","Did not select","","Did not select","","Did not select","","Did not select",NA,"Did not select",NA,"Did not select",NA,"Did not select",NA,"Did not select",NA,"Did not select",NA,"Did not select",NA,"Did not select",NA,"Did not select",NA,"Did not select",NA,"Did not select",NA,"Did not select",NA,"Did not select"
"75",179,"","Did not select","","Did not select","","Did not select","","Did not select","","Did not select","","Did not select","","Did not select","","Did not select",NA,"Did not select",NA,"Did not select",NA,"Did not select",NA,"Did not select",NA,"Did not select",NA,"Did not select",NA,"Did not select",NA,"Did not select",NA,"Did not select",NA,"Did not select",NA,"Did not select",NA,"Did not select"
"76",181,"","Did not select","","Did not select","","Did not select","","Did not select","","Did not select","","Did not select","","Did not select","","Did not select",NA,"Did not select",NA,"Did not select",NA,"Did not select",NA,"Did not select",NA,"Did not select",NA,"Did not select",NA,"Did not select",NA,"Did not select",NA,"Did not select",NA,"Did not select",NA,"Did not select",NA,"Did not select"
"77",185,"","Did not select","","Did not select","","Did not select","","Did not select","","Did not select","","Did not select","","Did not select","","Did not select",NA,"Did not select",NA,"Did not select",NA,"Did not select",NA,"Did not select",NA,"Did not select",NA,"Did not select",NA,"Did not select",NA,"Did not select",NA,"Did not select",NA,"Did not select",NA,"Did not select",NA,"Did not select"
"78",186,"comparison with previous races of the same swimmer","Very interested","current year ranking (7th fastest swimmer this year)","Very interested","all time ranking (7th fastest swimmer of all times)","Very interested","power deployed by the swimmer (Watts) - for long races","Moderately interested","","Did not select","","Did not select","","Did not select","","Did not select",NA,"Did not select",NA,"Did not select",NA,"Did not select",NA,"Did not select",NA,"Did not select",NA,"Did not select",NA,"Did not select",NA,"Did not select",NA,"Did not select",NA,"Did not select",NA,"Did not select",NA,"Did not select"
"79",187,"Underwater or emersion distances during start and turns","Extremely interested","number of underwater kicking cycles during start and turns","Very interested","","Did not select","","Did not select","","Did not select","","Did not select","","Did not select","","Did not select",NA,"Did not select",NA,"Did not select",NA,"Did not select",NA,"Did not select",NA,"Did not select",NA,"Did not select",NA,"Did not select",NA,"Did not select",NA,"Did not select",NA,"Did not select",NA,"Did not select",NA,"Did not select"
"80",190,"","Did not select","","Did not select","","Did not select","","Did not select","","Did not select","","Did not select","","Did not select","","Did not select",NA,"Did not select",NA,"Did not select",NA,"Did not select",NA,"Did not select",NA,"Did not select",NA,"Did not select",NA,"Did not select",NA,"Did not select",NA,"Did not select",NA,"Did not select",NA,"Did not select",NA,"Did not select"
