"","X","participant_id","Date.submitted","Last.page","Start.language","Seed","Date.started","Date.last.action","Please.select.your.choice.below..Clicking.on.the..Yes..button.below.indicates.that..U.00A0...You.have.read.the.above.information..You.voluntarily.agree.to.participate.","participants_gender","participants_gender_other","participants_age_range","participants_living_region","participants_living_region_other","olympics_frequency","international_frequency","continental_frequency","national_frequency","regional_frequency","other_race_name_1","other_race_frequency_1","other_race_name_2","other_race_frequency_2","other_race_name_3","other_race_frequency_3","other_race_name_4","other_race_frequency_4","other_race_name_5","other_race_frequency_5","have_seen_moving_info","nationality_interest","name_interest","age_interest","gender_interest","height_interest","weight_interest","elapsed_time_interest","lap_time_difference_to_other_swimmers_interest","average_lap_time_interest","current_lap_time_interest","lap_time_difference_to_a_record_interest","speed_difference_to_other_swimmers_interest","speed_differences_to_a_record_interest","current_speed","average_speed","history_of_speed","speed_related_events","distance_swam","remaining_distance","distance_difference_to_leader","trace_of_movement","side_by_side_distance","world_record","competition_record","national_record","personal_record","distance_per_stroke","reaction_time","diving_distance","stroke_count","next_passing","record_break","winner","estimation_completion_time","social_media_followers","social_media_by_swimmer","sponsor","other_data_name_1","other_data_interest_1","other_data_name_2","other_data_interest_2","other_data_name_3","other_data_interest_3","other_data_name_4","other_data_interest_4","other_data_name_5","other_data_interest_5","other_data_name_6","other_data_interest_6","other_data_name_7","other_data_interest_7","other_data_name_8","other_data_interest_8","other_data_name_9","other_data_interest_9","other_data_name_10","other_data_interest_10","other_data_name_11","other_data_interest_11","other_data_name_12","other_data_interest_12","other_data_name_13","other_data_interest_13","other_data_name_14","other_data_interest_14","other_data_name_15","other_data_interest_15","other_data_name_16","other_data_interest_16","other_data_name_17","other_data_interest_17","other_data_name_18","other_data_interest_18","other_data_name_19","other_data_interest_19","other_data_name_20","other_data_interest_20","general_comment","Total.time","Group.time..Consent.Form","Question.time..ConsentFormAgree","Group.time..Demographic.Questions","Question.time..GenderIdentification","Question.time..AgeRange","Question.time..AreaLiving","Group.time..Familiarity.with.Swimming","Question.time..WatchingFrequency","Question.time..EventExtension","Group.time..Background.Introduction","Question.time..BackgroundQuestion","Group.time..Main.Task","Question.time..SwimmerMetadata","Question.time..TimeDetail","Question.time..SpeedDetail","Question.time..DistanceDetail","Question.time..RecordDetail","Question.time..TechniqueDetail","Question.time..PredictionDetail","Question.time..ExternalDetail","Group.time..Supplementary.Interesting.Data..Optional.","Question.time..Other","Group.time..General.Comment..Optional.","Question.time..GeneralComment","watching_frequency_grade"
"1",1,1,"2022-02-22 15:28:25",7,"en",656772708,"2022-02-22 15:24:33","2022-02-22 15:28:25","Yes","Woman",NA,"25-34","Europe",NA,"3","1","1","2","0","","Did not select","","Did not select","","Did not select","","Did not select","","Did not select","Yes","5","4","3","3","3","3","5","4","5","4","5","5","5","4","3","4","4","3","3","4","4","2","5","5","5","5","5","5","4","4","5","5","5","5","3","2","2","heart beat","4","breath","Slightly interetsed","","Did not select","","Did not select","","Did not select","","Did not select","","Did not select","","Did not select",NA,"Did not select",NA,"Did not select",NA,"Did not select",NA,"Did not select",NA,"Did not select",NA,"Did not select",NA,"Did not select",NA,"Did not select",NA,"Did not select",NA,"Did not select",NA,"Did not select",NA,"Did not select","Super Clear",236.93,4.34,NA,6.07,NA,NA,NA,10.62,NA,NA,8.02,NA,143.39,NA,NA,NA,NA,NA,NA,NA,NA,44.92,NA,19.57,NA,7
"2",2,8,"2022-02-25 04:29:27",7,"en",1887220246,"2022-02-25 04:25:40","2022-02-25 04:29:27","Yes","Man",NA,"18-24","Asia",NA,"1","0","0","0","0","","Did not select","","Did not select","","Did not select","","Did not select","","Did not select","Yes","5","5","2","1","1","1","1","1","1","1","1","1","1","1","1","2","2","1","2","5","1","1","5","3","1","2","1","3","1","1","3","3","5","1","1","1","1","","Did not select","","Did not select","","Did not select","","Did not select","","Did not select","","Did not select","","Did not select","","Did not select",NA,"Did not select",NA,"Did not select",NA,"Did not select",NA,"Did not select",NA,"Did not select",NA,"Did not select",NA,"Did not select",NA,"Did not select",NA,"Did not select",NA,"Did not select",NA,"Did not select",NA,"Did not select","",232.13,4.95,NA,14.57,NA,NA,NA,45.92,NA,NA,22.78,NA,116.62,NA,NA,NA,NA,NA,NA,NA,NA,19.84,NA,7.45,NA,1
"3",3,24,"2022-02-25 13:34:03",7,"en",1520481558,"2022-02-25 13:27:09","2022-02-25 13:34:03","Yes","Man",NA,"25-34","Asia",NA,"1","1","1","1","1","","Did not select","","Did not select","","Did not select","","Did not select","","Did not select","No","3","3","2","2","2","3","3","3","3","3","3","4","4","4","2","2","4","2","3","4","2","1","4","4","3","3","4","4","2","2","3","4","4","3","0","3","0","","Did not select","","Did not select","","Did not select","","Did not select","","Did not select","","Did not select","","Did not select","","Did not select",NA,"Did not select",NA,"Did not select",NA,"Did not select",NA,"Did not select",NA,"Did not select",NA,"Did not select",NA,"Did not select",NA,"Did not select",NA,"Did not select",NA,"Did not select",NA,"Did not select",NA,"Did not select","",415.49,71.24,NA,15.39,NA,NA,NA,52.06,NA,NA,29.1,NA,158.3,NA,NA,NA,NA,NA,NA,NA,NA,62.27,NA,27.13,NA,5
"4",4,28,"2022-02-25 14:43:48",7,"en",1430866974,"2022-02-25 14:37:29","2022-02-25 14:43:48","Yes","Man",NA,"25-34","Europe",NA,"2","1","1","1","0","","Did not select","","Did not select","","Did not select","","Did not select","","Did not select","Yes","5","2","5","4","4","4","3","4","4","4","5","5","5","4","1","4","3","2","4","5","3","1","5","4","2","5","5","3","4","0","2","5","5","4","1","1","1","the winner record for every match in history","5","","Did not select","","Did not select","","Did not select","","Did not select","","Did not select","","Did not select","","Did not select",NA,"Did not select",NA,"Did not select",NA,"Did not select",NA,"Did not select",NA,"Did not select",NA,"Did not select",NA,"Did not select",NA,"Did not select",NA,"Did not select",NA,"Did not select",NA,"Did not select",NA,"Did not select","",382.89,183.09,NA,14.96,NA,NA,NA,44.73,NA,NA,9.09,NA,84.98,NA,NA,NA,NA,NA,NA,NA,NA,37.74,NA,8.3,NA,5
"5",5,29,"2022-02-25 14:50:20",7,"en",1343515990,"2022-02-25 14:42:04","2022-02-25 14:50:20","Yes","Man",NA,"25-34","Asia",NA,"1","0","1","0","0","","Did not select","","Did not select","","Did not select","","Did not select","","Did not select","Yes","4","4","3","1","2","2","3","2","2","3","4","3","4","3","2","0","5","3","5","5","1","1","5","4","2","4","4","4","3","3","4","5","5","4","1","3","2","","Did not select","","Did not select","","Did not select","","Did not select","","Did not select","","Did not select","","Did not select","","Did not select",NA,"Did not select",NA,"Did not select",NA,"Did not select",NA,"Did not select",NA,"Did not select",NA,"Did not select",NA,"Did not select",NA,"Did not select",NA,"Did not select",NA,"Did not select",NA,"Did not select",NA,"Did not select","",500.1,9.26,NA,7.41,NA,NA,NA,17.85,NA,NA,59.89,NA,383.75,NA,NA,NA,NA,NA,NA,NA,NA,18.28,NA,3.66,NA,2
"6",6,30,"2022-02-25 15:02:02",7,"en",1130570594,"2022-02-25 14:51:53","2022-02-25 15:02:02","Yes","Man",NA,"18-24","Asia",NA,"2","1","0","1","0","","Did not select","","Did not select","","Did not select","","Did not select","","Did not select","Yes","5","5","3","1","2","2","4","4","2","2","2","3","4","4","2","3","4","3","5","5","3","5","3","3","2","2","4","4","4","4","3","4","5","1","1","1","1","The strokes used in each stage of the medley","5","","Did not select","","Did not select","","Did not select","","Did not select","","Did not select","","Did not select","","Did not select",NA,"Did not select",NA,"Did not select",NA,"Did not select",NA,"Did not select",NA,"Did not select",NA,"Did not select",NA,"Did not select",NA,"Did not select",NA,"Did not select",NA,"Did not select",NA,"Did not select",NA,"Did not select","",611.1,59.07,NA,51.97,NA,NA,NA,39.18,NA,NA,40.5,NA,174.87,NA,NA,NA,NA,NA,NA,NA,NA,239.03,NA,6.48,NA,4
"7",7,39,"2022-03-08 13:49:48",7,"en",282235566,"2022-03-08 13:42:41","2022-03-08 13:49:48","Yes","Woman",NA,"25-34","Asia",NA,"0","0","0","0","0","","Did not select","","Did not select","","Did not select","","Did not select","","Did not select","Yes","4","3","4","4","3","3","4","4","4","4","4","4","4","4","4","4","4","4","4","4","2","1","1","4","1","4","4","5","5","2","4","4","4","4","1","1","1","","Did not select","","Did not select","","Did not select","","Did not select","","Did not select","","Did not select","","Did not select","","Did not select",NA,"Did not select",NA,"Did not select",NA,"Did not select",NA,"Did not select",NA,"Did not select",NA,"Did not select",NA,"Did not select",NA,"Did not select",NA,"Did not select",NA,"Did not select",NA,"Did not select",NA,"Did not select","",430.1,11.57,NA,15.04,NA,NA,NA,30.12,NA,NA,34.76,NA,321.67,NA,NA,NA,NA,NA,NA,NA,NA,13.07,NA,3.87,NA,0
"8",8,41,"2022-04-15 10:43:16",7,"en",1068433393,"2022-04-15 10:35:15","2022-04-15 10:43:16","Yes","Man",NA,"35-44","Europe",NA,"1","0","0","0","0","","Did not select","","Did not select","","Did not select","","Did not select","","Did not select","Yes","4","4","3","4","2","2","5","3","4","4","4","4","2","2","2","3","4","2","4","4","2","1","4","3","4","3","2","3","2","3","3","3","4","4","1","1","1","Improvement compared to PB","4","Relevant doping history","4","Strokes per lap","Slightly interetsed","","Did not select","","Did not select","","Did not select","","Did not select","","Did not select",NA,"Did not select",NA,"Did not select",NA,"Did not select",NA,"Did not select",NA,"Did not select",NA,"Did not select",NA,"Did not select",NA,"Did not select",NA,"Did not select",NA,"Did not select",NA,"Did not select",NA,"Did not select","",483.92,17.38,NA,15.71,NA,NA,NA,21.09,NA,NA,23.14,NA,225.42,NA,NA,NA,NA,NA,NA,NA,NA,166.03,NA,15.15,NA,1
"9",9,42,"2022-04-15 10:55:47",7,"en",894041753,"2022-04-15 10:51:39","2022-04-15 10:55:47","Yes","Man",NA,"35-44","Europe",NA,"1","1","0","0","0","Olympic","1","","Did not select","","Did not select","","Did not select","","Did not select","Yes","3","4","1","1","1","1","5","4","2","2","4","1","1","1","1","1","3","3","3","2","1","1","4","2","1","3","4","4","3","5","2","4","4","5","1","1","1","","Did not select","","Did not select","","Did not select","","Did not select","","Did not select","","Did not select","","Did not select","","Did not select",NA,"Did not select",NA,"Did not select",NA,"Did not select",NA,"Did not select",NA,"Did not select",NA,"Did not select",NA,"Did not select",NA,"Did not select",NA,"Did not select",NA,"Did not select",NA,"Did not select",NA,"Did not select","",251.4,9.91,NA,10.69,NA,NA,NA,52.59,NA,NA,36.65,NA,129.54,NA,NA,NA,NA,NA,NA,NA,NA,8.01,NA,4.01,NA,2
"10",10,46,"2022-04-15 13:58:55",7,"en",2097694636,"2022-04-15 13:52:16","2022-04-15 13:58:55","Yes","Man",NA,"25-34","Europe",NA,"1","2","2","2","2","","Did not select","","Did not select","","Did not select","","Did not select","","Did not select","Yes","3","3","3","3","3","3","3","3","3","3","2","4","4","4","4","4","4","4","4","4","4","4","4","4","4","4","3","3","3","3","3","3","3","3","2","2","2","","Did not select","","Did not select","","Did not select","","Did not select","","Did not select","","Did not select","","Did not select","","Did not select",NA,"Did not select",NA,"Did not select",NA,"Did not select",NA,"Did not select",NA,"Did not select",NA,"Did not select",NA,"Did not select",NA,"Did not select",NA,"Did not select",NA,"Did not select",NA,"Did not select",NA,"Did not select","",402.38,14.6,NA,21.45,NA,NA,NA,268.55,NA,NA,28.19,NA,58.13,NA,NA,NA,NA,NA,NA,NA,NA,7.59,NA,3.87,NA,9
"11",11,50,"2022-04-15 14:17:45",7,"en",1273872894,"2022-04-15 14:10:36","2022-04-15 14:17:45","Yes","Man",NA,"35-44","Europe",NA,"3","3","3","3","1","","Did not select","","Did not select","","Did not select","","Did not select","","Did not select","Yes","5","5","5","5","5","5","5","5","5","5","5","5","5","5","5","5","5","5","5","5","5","5","5","5","5","5","5","5","5","5","3","3","3","3","3","3","3","","Did not select","","Did not select","","Did not select","","Did not select","","Did not select","","Did not select","","Did not select","","Did not select",NA,"Did not select",NA,"Did not select",NA,"Did not select",NA,"Did not select",NA,"Did not select",NA,"Did not select",NA,"Did not select",NA,"Did not select",NA,"Did not select",NA,"Did not select",NA,"Did not select",NA,"Did not select","",433.18,22.92,NA,33.61,NA,NA,NA,67.3,NA,NA,126.41,NA,168.46,NA,NA,NA,NA,NA,NA,NA,NA,7.66,NA,6.82,NA,13
"12",12,51,"2022-04-15 14:18:21",7,"en",144778546,"2022-04-15 14:11:44","2022-04-15 14:18:21","Yes","Man",NA,"18-24","Europe",NA,"1","1","1","1","1","","Did not select","","Did not select","","Did not select","","Did not select","","Did not select","Yes","5","5","3","0","1","1","5","4","2","5","4","3","2","1","1","4","4","1","1","1","3","2","5","4","3","4","4","4","2","5","1","1","1","1","1","1","2","","Did not select","","Did not select","","Did not select","","Did not select","","Did not select","","Did not select","","Did not select","","Did not select",NA,"Did not select",NA,"Did not select",NA,"Did not select",NA,"Did not select",NA,"Did not select",NA,"Did not select",NA,"Did not select",NA,"Did not select",NA,"Did not select",NA,"Did not select",NA,"Did not select",NA,"Did not select","",401.04,8.15,NA,10.9,NA,NA,NA,41.75,NA,NA,33.89,NA,289.47,NA,NA,NA,NA,NA,NA,NA,NA,13.58,NA,3.3,NA,5
"13",13,52,"2022-04-15 14:31:26",7,"en",1929145554,"2022-04-15 14:11:47","2022-04-15 14:31:26","Yes","Man",NA,"18-24","Europe",NA,"2","2","1","2","1","Olympics ","2","FINA World Aquatics Championships","2","European Aquatics Championships","1","Open de France de Natation","1","NCAA swimming division I","1","Yes","5","3","2","2","3","1","5","4","2","5","5","3","1","3","2","1","2","2","3","2","1","1","5","4","2","1","4","4","4","3","1","1","2","1","2","2","1","How much strength is applied at the start on the block","5","The distance at which swimmers enter the water with their dives","4","","Did not select","","Did not select","","Did not select","","Did not select","","Did not select","","Did not select",NA,"Did not select",NA,"Did not select",NA,"Did not select",NA,"Did not select",NA,"Did not select",NA,"Did not select",NA,"Did not select",NA,"Did not select",NA,"Did not select",NA,"Did not select",NA,"Did not select",NA,"Did not select","",1183.12,139.89,NA,14.78,NA,NA,NA,198.9,NA,NA,37.5,NA,387.76,NA,NA,NA,NA,NA,NA,NA,NA,378.04,NA,26.25,NA,8
"14",14,56,"2022-04-15 15:58:01",7,"en",1082005283,"2022-04-15 15:52:36","2022-04-15 15:58:01","Yes","Woman",NA,"35-44","Europe",NA,"1","0","0","0","0","","Did not select","","Did not select","","Did not select","","Did not select","","Did not select","Yes","3","1","2","1","3","1","4","3","3","4","4","4","4","4","3","2","1","3","2","4","1","1","4","4","5","5","3","1","1","2","3","5","4","3","1","2","1","","Did not select","","Did not select","","Did not select","","Did not select","","Did not select","","Did not select","","Did not select","","Did not select",NA,"Did not select",NA,"Did not select",NA,"Did not select",NA,"Did not select",NA,"Did not select",NA,"Did not select",NA,"Did not select",NA,"Did not select",NA,"Did not select",NA,"Did not select",NA,"Did not select",NA,"Did not select","",328.75,4.5,NA,6.31,NA,NA,NA,14.62,NA,NA,15.46,NA,250.9,NA,NA,NA,NA,NA,NA,NA,NA,31.48,NA,5.48,NA,1
"15",15,57,"2022-04-15 16:35:17",7,"en",2014474568,"2022-04-15 16:20:10","2022-04-15 16:35:17","Yes","Woman",NA,"65-74","Europe",NA,"1","1","1","1","1","","Did not select","","Did not select","","Did not select","","Did not select","","Did not select","No","4","4","1","1","1","1","4","1","1","1","4","1","1","1","1","1","1","1","1","4","1","1","5","3","4","3","1","1","3","1","1","3","3","1","1","1","1","","Did not select","","Did not select","","Did not select","","Did not select","","Did not select","","Did not select","","Did not select","","Did not select",NA,"Did not select",NA,"Did not select",NA,"Did not select",NA,"Did not select",NA,"Did not select",NA,"Did not select",NA,"Did not select",NA,"Did not select",NA,"Did not select",NA,"Did not select",NA,"Did not select",NA,"Did not select","Most of the questions concern coaches of swimmers, not TV spectators. I am not a coach. Only an interested viewer of swimming races on TV.",910.9,21.88,NA,31.08,NA,NA,NA,106.32,NA,NA,152.92,NA,511.48,NA,NA,NA,NA,NA,NA,NA,NA,12.9,NA,74.32,NA,5
"16",16,60,"2022-04-15 19:34:29",7,"en",445694205,"2022-04-15 19:09:01","2022-04-15 19:34:29","Yes","Woman",NA,"35-44","Europe",NA,"2","2","1","1","1","","Did not select","","Did not select","","Did not select","","Did not select","","Did not select","Yes","4","4","3","2","3","2","5","4","4","4","3","4","4","4","3","4","4","3","3","3","1","1","5","4","2","4","4","4","4","3","1","2","1","2","1","3","2","Distances to winner and to consecutive swimmers after completion of race (i.e. 5cm 2nd to 1st) ","5","Training kilometers or training techniques before a race starts","4","How far they jump from the blocks","3","How fast a swimmer turns","3","Speed after turn (how good the turn is) ","4","Water position of a swimmer","3","Infos on successes or PBs of swimmers just before the race","4","Development of swimming times of a swimmer (before race starts) ","4",NA,"Did not select",NA,"Did not select",NA,"Did not select",NA,"Did not select",NA,"Did not select",NA,"Did not select",NA,"Did not select",NA,"Did not select",NA,"Did not select",NA,"Did not select",NA,"Did not select",NA,"Did not select","Good to understand",1532.37,36.66,NA,112.5,NA,NA,NA,103.72,NA,NA,93.5,NA,657.81,NA,NA,NA,NA,NA,NA,NA,NA,510.91,NA,17.27,NA,7
"17",17,64,"2022-04-15 21:31:43",7,"en",1365384197,"2022-04-15 21:18:07","2022-04-15 21:31:43","Yes","Woman",NA,"25-34","North America",NA,"3","1","1","2","2","","Did not select","","Did not select","","Did not select","","Did not select","","Did not select","Yes","5","5","2","2","2","1","5","5","3","5","4","5","4","4","3","4","5","2","1","3","2","1","5","4","5","3","5","4","5","5","2","3","3","4","2","3","2","Stroke tempo (duration to complete a stroke)","4","Distance underwater (meters spent underwater off start and turns)","5","Number of underwater kicks (off to start and turns)","4","","Did not select","","Did not select","","Did not select","","Did not select","","Did not select",NA,"Did not select",NA,"Did not select",NA,"Did not select",NA,"Did not select",NA,"Did not select",NA,"Did not select",NA,"Did not select",NA,"Did not select",NA,"Did not select",NA,"Did not select",NA,"Did not select",NA,"Did not select","No",819.52,32.01,NA,11.54,NA,NA,NA,79.47,NA,NA,351.29,NA,228.65,NA,NA,NA,NA,NA,NA,NA,NA,101.81,NA,14.75,NA,9
"18",18,69,"2022-04-16 09:55:58",7,"en",1359204658,"2022-04-16 09:51:05","2022-04-16 09:55:58","Yes","Man",NA,"35-44","Europe",NA,"0","0","0","0","0","","Did not select","","Did not select","","Did not select","","Did not select","","Did not select","No","3","3","3","3","3","3","4","2","2","3","2","1","1","2","1","1","1","1","1","1","1","1","2","2","1","2","1","2","2","1","1","2","1","1","1","1","1","","Did not select","","Did not select","","Did not select","","Did not select","","Did not select","","Did not select","","Did not select","","Did not select",NA,"Did not select",NA,"Did not select",NA,"Did not select",NA,"Did not select",NA,"Did not select",NA,"Did not select",NA,"Did not select",NA,"Did not select",NA,"Did not select",NA,"Did not select",NA,"Did not select",NA,"Did not select","",294.22,7.3,NA,10.99,NA,NA,NA,21.05,NA,NA,45.27,NA,164.08,NA,NA,NA,NA,NA,NA,NA,NA,27.12,NA,18.41,NA,0
"19",19,70,"2022-04-17 03:08:44",7,"en",1246486685,"2022-04-17 03:05:09","2022-04-17 03:08:44","Yes","Man",NA,"18-24","North America",NA,"2","0","1","0","0","","Did not select","","Did not select","","Did not select","","Did not select","","Did not select","Yes","3","2","3","1","3","3","5","5","4","5","3","1","4","1","5","5","1","1","1","2","0","2","5","5","2","3","5","2","3","5","1","4","1","1","1","3","1","","Did not select","","Did not select","","Did not select","","Did not select","","Did not select","","Did not select","","Did not select","","Did not select",NA,"Did not select",NA,"Did not select",NA,"Did not select",NA,"Did not select",NA,"Did not select",NA,"Did not select",NA,"Did not select",NA,"Did not select",NA,"Did not select",NA,"Did not select",NA,"Did not select",NA,"Did not select","",216.17,10.25,NA,10.3,NA,NA,NA,29.92,NA,NA,24.64,NA,130.2,NA,NA,NA,NA,NA,NA,NA,NA,7.45,NA,3.41,NA,3
"20",20,71,"2022-04-19 11:37:26",7,"en",633051147,"2022-04-19 11:32:46","2022-04-19 11:37:26","Yes","Man",NA,"25-34","Europe",NA,"2","2","1","1","0","","Did not select","","Did not select","","Did not select","","Did not select","","Did not select","Yes","2","4","2","2","4","4","4","4","4","4","4","2","2","3","1","4","1","3","3","4","1","2","4","4","4","4","3","3","3","3","4","4","4","4","1","1","1","","Did not select","","Did not select","","Did not select","","Did not select","","Did not select","","Did not select","","Did not select","","Did not select",NA,"Did not select",NA,"Did not select",NA,"Did not select",NA,"Did not select",NA,"Did not select",NA,"Did not select",NA,"Did not select",NA,"Did not select",NA,"Did not select",NA,"Did not select",NA,"Did not select",NA,"Did not select","",283.72,26.36,NA,9.79,NA,NA,NA,40.26,NA,NA,21.05,NA,174.04,NA,NA,NA,NA,NA,NA,NA,NA,7.75,NA,4.47,NA,6
"21",21,72,"2022-04-19 17:13:01",7,"en",1078293144,"2022-04-19 17:00:21","2022-04-19 17:13:01","Yes","Man",NA,"45-54","North America",NA,"1","1","0","0","1","","Did not select","","Did not select","","Did not select","","Did not select","","Did not select","Yes","5","5","5","1","3","1","0","0","0","5","5","1","1","1","1","1","1","1","3","4","1","1","5","5","1","5","3","4","5","1","0","5","4","4","1","1","1","AR visualizations when the hand is touching the wall or the clock","4","AR data visualizations using the deep camera","5","Moments of breading ","5","Kicking Moments accelerations","5","Distance of entering the water at the start","5","Distance inside the water (braces)","5","","Did not select","","Did not select",NA,"Did not select",NA,"Did not select",NA,"Did not select",NA,"Did not select",NA,"Did not select",NA,"Did not select",NA,"Did not select",NA,"Did not select",NA,"Did not select",NA,"Did not select",NA,"Did not select",NA,"Did not select","Thank you, very nice research AR visualization project",763.77,15.66,NA,15.7,NA,NA,NA,50.39,NA,NA,31.62,NA,297.84,NA,NA,NA,NA,NA,NA,NA,NA,309.03,NA,43.53,NA,3
"22",22,73,"2022-04-19 17:13:35",7,"en",1886146996,"2022-04-19 17:02:07","2022-04-19 17:13:35","Yes","Woman",NA,"25-34","Europe",NA,"1","1","0","0","0","","Did not select","","Did not select","","Did not select","","Did not select","","Did not select","Yes","1","5","5","1","5","5","3","0","0","0","0","5","5","4","5","4","4","5","5","5","5","1","5","5","5","1","4","5","4","4","2","4","2","2","1","1","1","","Did not select","","Did not select","","Did not select","","Did not select","","Did not select","","Did not select","","Did not select","","Did not select",NA,"Did not select",NA,"Did not select",NA,"Did not select",NA,"Did not select",NA,"Did not select",NA,"Did not select",NA,"Did not select",NA,"Did not select",NA,"Did not select",NA,"Did not select",NA,"Did not select",NA,"Did not select","",691,88.44,NA,39.19,NA,NA,NA,192.97,NA,NA,64.73,NA,265.13,NA,NA,NA,NA,NA,NA,NA,NA,17.01,NA,23.53,NA,2
"23",23,74,"2022-04-19 17:28:13",7,"en",1904090373,"2022-04-19 17:25:34","2022-04-19 17:28:13","Yes","Prefer not to tell",NA,"75 or older","North America",NA,"3","2","1","0","0","","Did not select","","Did not select","","Did not select","","Did not select","","Did not select","No","2","4","2","5","1","0","5","2","0","0","4","0","4","0","5","0","4","3","3","2","4","0","5","4","0","1","2","2","2","3","3","3","1","5","1","5","1","","Did not select","","Did not select","","Did not select","","Did not select","","Did not select","","Did not select","","Did not select","","Did not select",NA,"Did not select",NA,"Did not select",NA,"Did not select",NA,"Did not select",NA,"Did not select",NA,"Did not select",NA,"Did not select",NA,"Did not select",NA,"Did not select",NA,"Did not select",NA,"Did not select",NA,"Did not select","",162.68,9.38,NA,14.55,NA,NA,NA,33.65,NA,NA,24.28,NA,68.29,NA,NA,NA,NA,NA,NA,NA,NA,9.28,NA,3.25,NA,6
"24",24,75,"2022-04-19 17:50:38",7,"en",187819467,"2022-04-19 17:45:07","2022-04-19 17:50:38","Yes","Woman",NA,"18-24","Europe",NA,"2","0","1","1","0","","Did not select","","Did not select","","Did not select","","Did not select","","Did not select","Yes","3","3","2","2","1","1","4","4","3","3","4","4","4","2","2","4","3","4","4","4","3","2","3","2","4","5","3","5","4","4","2","4","1","1","1","1","1","","Did not select","","Did not select","","Did not select","","Did not select","","Did not select","","Did not select","","Did not select","","Did not select",NA,"Did not select",NA,"Did not select",NA,"Did not select",NA,"Did not select",NA,"Did not select",NA,"Did not select",NA,"Did not select",NA,"Did not select",NA,"Did not select",NA,"Did not select",NA,"Did not select",NA,"Did not select","",335.22,17.51,NA,9.18,NA,NA,NA,31.69,NA,NA,39.85,NA,217.89,NA,NA,NA,NA,NA,NA,NA,NA,12.48,NA,6.62,NA,4
"25",25,76,"2022-04-19 17:53:46",7,"en",544518778,"2022-04-19 17:46:59","2022-04-19 17:53:46","Yes","Woman",NA,"35-44","Europe",NA,"2","0","0","0","0","","Did not select","","Did not select","","Did not select","","Did not select","","Did not select","Yes","4","4","4","2","4","4","4","5","1","2","4","5","5","3","3","5","5","1","5","4","5","1","5","5","1","1","5","5","5","5","2","5","4","5","1","1","1","Average number of stroke","5","Comparison of number of stroke between swimmers","5","Time  and speed spent turning","5","Distance under water when turning","5","When they emerged from the water compared to others","5","","Did not select","","Did not select","","Did not select",NA,"Did not select",NA,"Did not select",NA,"Did not select",NA,"Did not select",NA,"Did not select",NA,"Did not select",NA,"Did not select",NA,"Did not select",NA,"Did not select",NA,"Did not select",NA,"Did not select",NA,"Did not select","N/A",409.89,12.57,NA,10.15,NA,NA,NA,28.25,NA,NA,36.85,NA,165.62,NA,NA,NA,NA,NA,NA,NA,NA,147.24,NA,9.21,NA,2
"26",26,78,"2022-04-19 20:06:58",7,"en",1550503791,"2022-04-19 19:53:18","2022-04-19 20:06:58","Yes","Man",NA,"35-44","Europe",NA,"1","0","0","0","0","","Did not select","","Did not select","","Did not select","","Did not select","","Did not select","Yes","4","3","4","4","4","4","2","3","2","3","3","5","4","4","2","5","5","4","4","4","2","2","4","4","2","4","2","4","4","2","0","4","4","4","1","1","1","An alert whenever an underdog makes it to a race  would make me more interested in that race","5","It would be interesting to get a summary of who outperformed and who failed to meet expectations ","5","","Did not select","","Did not select","","Did not select","","Did not select","","Did not select","","Did not select",NA,"Did not select",NA,"Did not select",NA,"Did not select",NA,"Did not select",NA,"Did not select",NA,"Did not select",NA,"Did not select",NA,"Did not select",NA,"Did not select",NA,"Did not select",NA,"Did not select",NA,"Did not select","Sports fans tend to initially reject novel visualizations, but eventually might be accepting. Brazilian channels started showing a timeline that is still widely controversial in football. ",823.81,17.36,NA,22.74,NA,NA,NA,49.91,NA,NA,42.39,NA,377.58,NA,NA,NA,NA,NA,NA,NA,NA,181.6,NA,132.23,NA,1
"27",27,79,"2022-04-19 20:53:28",7,"en",346096790,"2022-04-19 20:38:07","2022-04-19 20:53:28","Yes","Woman",NA,"35-44","Europe",NA,"2","2","2","2","0","","Did not select","","Did not select","","Did not select","","Did not select","","Did not select","Yes","5","5","5","1","5","5","5","5","5","5","5","5","5","5","5","5","5","5","5","5","1","1","5","5","5","5","5","5","5","5","4","4","4","4","1","1","1","Number of medals already won during the same event","5","Number of gold medals at the Olympics","5","Number of silver medals at the Olympics","5","bronzesilver medals at the Olympics","5","QR code or link to a web page presenting the swimmer","5","False start","5","Disqualification","5","Reaction time of all swimmers during relays","5",NA,"Did not select",NA,"Did not select",NA,"Did not select",NA,"Did not select",NA,"Did not select",NA,"Did not select",NA,"Did not select",NA,"Did not select",NA,"Did not select",NA,"Did not select",NA,"Did not select",NA,"Did not select","Although all these additional data are extremely interesting to know and have in real-time, I am not sure how they could be displayed on a screen because there are already many of them on TV. I fear that they would hide the course itself.
Then, would these data be shared with the swimmers and the coaches so that they can benefit from them?",924.82,109.5,NA,11.61,NA,NA,NA,38.21,NA,NA,105.7,NA,198.03,NA,NA,NA,NA,NA,NA,NA,NA,185.77,NA,276,NA,8
"28",28,81,"2022-04-19 22:06:44",7,"en",2079787296,"2022-04-19 21:59:53","2022-04-19 22:06:44","Yes","Woman",NA,"35-44","Europe",NA,"2","2","1","1","1","","Did not select","","Did not select","","Did not select","","Did not select","","Did not select","Yes","3","5","3","2","5","3","4","4","2","4","4","4","3","5","4","2","2","4","5","5","3","2","5","4","4","4","3","5","4","3","3","5","3","4","1","2","1","","Did not select","","Did not select","","Did not select","","Did not select","","Did not select","","Did not select","","Did not select","","Did not select",NA,"Did not select",NA,"Did not select",NA,"Did not select",NA,"Did not select",NA,"Did not select",NA,"Did not select",NA,"Did not select",NA,"Did not select",NA,"Did not select",NA,"Did not select",NA,"Did not select",NA,"Did not select","",414.11,19.82,NA,34.13,NA,NA,NA,31.95,NA,NA,20.23,NA,297.05,NA,NA,NA,NA,NA,NA,NA,NA,8.37,NA,2.56,NA,7
"29",29,83,"2022-04-20 00:58:01",7,"en",2092712360,"2022-04-20 00:50:08","2022-04-20 00:58:01","Yes","Man",NA,"45-54","Europe",NA,"1","1","1","1","0","","Did not select","","Did not select","","Did not select","","Did not select","","Did not select","Yes","4","4","4","4","4","4","2","2","2","2","2","3","3","3","3","3","3","3","3","3","3","3","3","3","3","3","1","4","4","3","2","3","2","2","1","2","2","","Did not select","","Did not select","","Did not select","","Did not select","","Did not select","","Did not select","","Did not select","","Did not select",NA,"Did not select",NA,"Did not select",NA,"Did not select",NA,"Did not select",NA,"Did not select",NA,"Did not select",NA,"Did not select",NA,"Did not select",NA,"Did not select",NA,"Did not select",NA,"Did not select",NA,"Did not select","",476.13,28.64,NA,13.7,NA,NA,NA,49.29,NA,NA,47.35,NA,315.23,NA,NA,NA,NA,NA,NA,NA,NA,13.74,NA,8.18,NA,4
"30",30,84,"2022-04-20 09:00:12",7,"en",456636882,"2022-04-20 08:49:07","2022-04-20 09:00:12","Yes","Woman",NA,"35-44","Europe",NA,"2","1","1","1","0","","Did not select","","Did not select","","Did not select","","Did not select","","Did not select","Yes","3","3","4","3","4","4","5","5","5","5","5","5","5","5","5","5","5","4","5","5","5","3","5","5","5","5","5","5","5","5","2","2","2","2","1","1","1","","Did not select","","Did not select","","Did not select","","Did not select","","Did not select","","Did not select","","Did not select","","Did not select",NA,"Did not select",NA,"Did not select",NA,"Did not select",NA,"Did not select",NA,"Did not select",NA,"Did not select",NA,"Did not select",NA,"Did not select",NA,"Did not select",NA,"Did not select",NA,"Did not select",NA,"Did not select","The data must be presented at the appropriate time in the race. Sometime we have info showing up in the screen, we don't know what it is for, then the race start we do realize what the info was but it is too late the info disapear and we cannot see it anymore. 
Too many info to read at the same time is difficult to process, however visual informtion are simpler to get (line, mouving information etc..) because no need to understand what they are, the data speaks by themself",669.36,21.09,NA,15.57,NA,NA,NA,54.04,NA,NA,46.66,NA,200.51,NA,NA,NA,NA,NA,NA,NA,NA,12.66,NA,318.83,NA,5
"31",31,85,"2022-04-20 09:00:33",7,"en",632950518,"2022-04-20 08:54:07","2022-04-20 09:00:33","Yes","Woman",NA,"25-34","Europe",NA,"2","0","0","1","0","","Did not select","","Did not select","","Did not select","","Did not select","","Did not select","Yes","5","5","5","0","3","3","5","5","5","5","5","5","4","5","5","3","4","3","3","4","2","2","5","5","4","5","3","4","4","3","2","2","2","3","1","1","1","","Did not select","","Did not select","","Did not select","","Did not select","","Did not select","","Did not select","","Did not select","","Did not select",NA,"Did not select",NA,"Did not select",NA,"Did not select",NA,"Did not select",NA,"Did not select",NA,"Did not select",NA,"Did not select",NA,"Did not select",NA,"Did not select",NA,"Did not select",NA,"Did not select",NA,"Did not select","",389.36,9.99,NA,8.81,NA,NA,NA,43.85,NA,NA,39.34,NA,249.74,NA,NA,NA,NA,NA,NA,NA,NA,35.3,NA,2.33,NA,3
"32",32,88,"2022-04-20 12:18:32",7,"en",130257264,"2022-04-20 12:08:57","2022-04-20 12:18:32","Yes","Man",NA,"35-44","Europe",NA,"2","1","2","1","0","","Did not select","","Did not select","","Did not select","","Did not select","","Did not select","Yes","5","5","5","1","3","2","0","3","1","3","2","3","3","3","1","3","3","1","1","3","1","1","5","4","3","4","1","3","2","3","1","1","1","1","3","3","2","Swimming Club and Trainer","4","Sporting successes (e.g. European Champion)","4","","Did not select","","Did not select","","Did not select","","Did not select","","Did not select","","Did not select",NA,"Did not select",NA,"Did not select",NA,"Did not select",NA,"Did not select",NA,"Did not select",NA,"Did not select",NA,"Did not select",NA,"Did not select",NA,"Did not select",NA,"Did not select",NA,"Did not select",NA,"Did not select","",578.26,15.47,NA,15.39,NA,NA,NA,48.52,NA,NA,49.61,NA,292.25,NA,NA,NA,NA,NA,NA,NA,NA,153.53,NA,3.49,NA,6
"33",33,89,"2022-04-20 14:00:53",7,"en",1572061193,"2022-04-20 13:52:47","2022-04-20 14:00:53","Yes","Man",NA,"35-44","Europe",NA,"1","0","0","0","0","","Did not select","","Did not select","","Did not select","","Did not select","","Did not select","Yes","4","4","1","1","1","1","2","2","4","3","4","4","3","4","3","3","4","1","4","4","3","1","4","4","4","4","5","5","5","5","4","4","1","1","2","2","1","Cadence (strokes wrt time)","5","","Did not select","","Did not select","","Did not select","","Did not select","","Did not select","","Did not select","","Did not select",NA,"Did not select",NA,"Did not select",NA,"Did not select",NA,"Did not select",NA,"Did not select",NA,"Did not select",NA,"Did not select",NA,"Did not select",NA,"Did not select",NA,"Did not select",NA,"Did not select",NA,"Did not select","",487.69,25.28,NA,27.77,NA,NA,NA,16.05,NA,NA,35.21,NA,341.04,NA,NA,NA,NA,NA,NA,NA,NA,40.23,NA,2.11,NA,1
"34",34,91,"2022-04-20 15:27:46",7,"en",1323856903,"2022-04-20 15:21:51","2022-04-20 15:27:46","Yes","Woman",NA,"35-44","Europe",NA,"1","1","1","1","0","","Did not select","","Did not select","","Did not select","","Did not select","","Did not select","Yes","4","5","4","4","4","4","4","3","4","4","4","3","2","4","4","2","3","1","4","5","3","1","5","5","4","5","3","4","3","3","4","5","5","5","2","2","2","","Did not select","","Did not select","","Did not select","","Did not select","","Did not select","","Did not select","","Did not select","","Did not select",NA,"Did not select",NA,"Did not select",NA,"Did not select",NA,"Did not select",NA,"Did not select",NA,"Did not select",NA,"Did not select",NA,"Did not select",NA,"Did not select",NA,"Did not select",NA,"Did not select",NA,"Did not select","",339.61,15.59,NA,14.84,NA,NA,NA,44.01,NA,NA,35.96,NA,203,NA,NA,NA,NA,NA,NA,NA,NA,20.92,NA,5.29,NA,4
"35",35,93,"2022-04-20 16:06:02",7,"en",310624337,"2022-04-20 15:55:13","2022-04-20 16:06:02","Yes","Woman",NA,"25-34","Europe",NA,"2","0","0","1","0","","Did not select","","Did not select","","Did not select","","Did not select","","Did not select","Yes","5","5","4","1","4","4","5","5","3","5","5","4","5","5","4","5","4","2","2","5","1","1","5","4","4","4","5","5","4","2","3","4","1","1","1","2","1","","Did not select","","Did not select","","Did not select","","Did not select","","Did not select","","Did not select","","Did not select","","Did not select",NA,"Did not select",NA,"Did not select",NA,"Did not select",NA,"Did not select",NA,"Did not select",NA,"Did not select",NA,"Did not select",NA,"Did not select",NA,"Did not select",NA,"Did not select",NA,"Did not select",NA,"Did not select","In one of the first questions, you ask if I'd like to see: ""Swimmer's personal record"" and then ""Swimmer's national record"", I would also like to see the ""National Record"" even though it's not this swimmer's - as well as the competition's best and world's best (which I ticked as I'm interested in seeing this).",652.46,31.16,NA,12.5,NA,NA,NA,58.67,NA,NA,60.4,NA,332.79,NA,NA,NA,NA,NA,NA,NA,NA,41.65,NA,115.29,NA,3
"36",36,95,"2022-04-20 17:45:47",7,"en",1858888470,"2022-04-20 17:40:07","2022-04-20 17:45:47","Yes","Man",NA,"25-34","Europe",NA,"1","0","0","0","0","","Did not select","","Did not select","","Did not select","","Did not select","","Did not select","Yes","4","4","1","1","1","1","4","4","3","4","4","2","2","3","1","3","1","3","1","2","1","1","4","4","1","1","1","4","2","3","1","1","1","1","1","1","1","","Did not select","","Did not select","","Did not select","","Did not select","","Did not select","","Did not select","","Did not select","","Did not select",NA,"Did not select",NA,"Did not select",NA,"Did not select",NA,"Did not select",NA,"Did not select",NA,"Did not select",NA,"Did not select",NA,"Did not select",NA,"Did not select",NA,"Did not select",NA,"Did not select",NA,"Did not select","",342.46,35.08,NA,15,NA,NA,NA,38.49,NA,NA,25.57,NA,196.44,NA,NA,NA,NA,NA,NA,NA,NA,24.56,NA,7.32,NA,1
"37",37,97,"2022-04-21 10:01:31",7,"en",755264392,"2022-04-21 09:55:59","2022-04-21 10:01:31","Yes","Man",NA,"45-54","Europe",NA,"2","2","2","1","1","","Did not select","","Did not select","","Did not select","","Did not select","","Did not select","Yes","2","4","1","1","1","1","5","3","2","4","4","4","3","5","3","2","5","1","4","4","3","3","5","5","2","3","4","4","4","5","1","1","1","1","1","1","1","","Did not select","","Did not select","","Did not select","","Did not select","","Did not select","","Did not select","","Did not select","","Did not select",NA,"Did not select",NA,"Did not select",NA,"Did not select",NA,"Did not select",NA,"Did not select",NA,"Did not select",NA,"Did not select",NA,"Did not select",NA,"Did not select",NA,"Did not select",NA,"Did not select",NA,"Did not select","",336.74,16.96,NA,13.8,NA,NA,NA,39.74,NA,NA,19.99,NA,235.25,NA,NA,NA,NA,NA,NA,NA,NA,8.44,NA,2.56,NA,8
"38",38,98,"2022-04-21 10:24:28",7,"en",679162394,"2022-04-21 10:16:43","2022-04-21 10:24:28","Yes","Man",NA,"45-54","Europe",NA,"1","0","1","0","0","","Did not select","","Did not select","","Did not select","","Did not select","","Did not select","Yes","4","4","1","1","1","1","4","2","2","1","3","4","1","4","1","1","3","2","1","3","1","1","4","4","4","4","2","4","4","4","1","4","1","1","1","1","1","Personnel record sum of remaining swimmers in relay","3","Recent ¨¦volution of personal record (within a year)","3","","Did not select","","Did not select","","Did not select","","Did not select","","Did not select","","Did not select",NA,"Did not select",NA,"Did not select",NA,"Did not select",NA,"Did not select",NA,"Did not select",NA,"Did not select",NA,"Did not select",NA,"Did not select",NA,"Did not select",NA,"Did not select",NA,"Did not select",NA,"Did not select","",468.14,33.71,NA,15.47,NA,NA,NA,44.73,NA,NA,27.95,NA,185.97,NA,NA,NA,NA,NA,NA,NA,NA,157.35,NA,2.96,NA,2
"39",39,101,"2022-04-21 14:32:45",7,"en",658717412,"2022-04-21 14:28:40","2022-04-21 14:32:45","Yes","Man",NA,"25-34","Europe",NA,"2","1","1","0","0","","Did not select","","Did not select","","Did not select","","Did not select","","Did not select","Yes","4","5","1","1","1","1","0","2","2","1","2","2","3","4","4","2","3","1","2","5","2","1","4","3","2","2","3","3","4","2","1","3","1","1","1","1","1","","Did not select","","Did not select","","Did not select","","Did not select","","Did not select","","Did not select","","Did not select","","Did not select",NA,"Did not select",NA,"Did not select",NA,"Did not select",NA,"Did not select",NA,"Did not select",NA,"Did not select",NA,"Did not select",NA,"Did not select",NA,"Did not select",NA,"Did not select",NA,"Did not select",NA,"Did not select","",249.85,28.35,NA,12.63,NA,NA,NA,23.42,NA,NA,23.83,NA,153.67,NA,NA,NA,NA,NA,NA,NA,NA,4.84,NA,3.11,NA,4
"40",40,102,"2022-04-21 14:58:23",7,"en",1173128760,"2022-04-21 14:51:31","2022-04-21 14:58:23","Yes","Man",NA,"55-64","Europe",NA,"1","0","0","0","0","","Did not select","","Did not select","","Did not select","","Did not select","","Did not select","No","4","1","1","1","1","1","2","2","2","2","2","1","2","1","1","2","1","3","1","3","3","3","2","2","1","2","1","3","1","1","2","4","3","2","1","1","1","","Did not select","","Did not select","","Did not select","","Did not select","","Did not select","","Did not select","","Did not select","","Did not select",NA,"Did not select",NA,"Did not select",NA,"Did not select",NA,"Did not select",NA,"Did not select",NA,"Did not select",NA,"Did not select",NA,"Did not select",NA,"Did not select",NA,"Did not select",NA,"Did not select",NA,"Did not select","no",416.39,20.92,NA,27.34,NA,NA,NA,76.25,NA,NA,33.68,NA,229.75,NA,NA,NA,NA,NA,NA,NA,NA,19.49,NA,8.96,NA,1
"41",41,105,"2022-04-22 21:25:32",7,"en",816441097,"2022-04-22 21:17:17","2022-04-22 21:25:32","Yes","Man",NA,"25-34","Europe",NA,"2","1","0","0","0","","Did not select","","Did not select","","Did not select","","Did not select","","Did not select","Yes","5","5","3","1","3","3","5","4","2","4","2","3","2","4","2","1","1","4","2","3","1","1","5","4","3","4","4","5","4","4","1","3","3","3","1","1","1","","Did not select","","Did not select","","Did not select","","Did not select","","Did not select","","Did not select","","Did not select","","Did not select",NA,"Did not select",NA,"Did not select",NA,"Did not select",NA,"Did not select",NA,"Did not select",NA,"Did not select",NA,"Did not select",NA,"Did not select",NA,"Did not select",NA,"Did not select",NA,"Did not select",NA,"Did not select","",499.24,10.57,NA,9.6,NA,NA,NA,73.78,NA,NA,169.68,NA,223.35,NA,NA,NA,NA,NA,NA,NA,NA,8.57,NA,3.69,NA,3
"42",42,107,"2022-04-24 14:34:35",7,"en",75785290,"2022-04-24 14:20:51","2022-04-24 14:34:35","Yes","Man",NA,"45-54","Europe",NA,"2","2","2","2","1","","Did not select","","Did not select","","Did not select","","Did not select","","Did not select","Yes","4","5","4","1","2","3","5","5","5","5","4","5","4","4","3","2","3","2","1","4","2","1","5","2","4","5","5","5","4","5","2","4","2","4","1","2","2","Curve evolution performance per athlete ","4","Age ","4","At start and each turn: underwater distance and number of dolphin kicks","5","Number breath and which side per 50m","4","","Did not select","","Did not select","","Did not select","","Did not select",NA,"Did not select",NA,"Did not select",NA,"Did not select",NA,"Did not select",NA,"Did not select",NA,"Did not select",NA,"Did not select",NA,"Did not select",NA,"Did not select",NA,"Did not select",NA,"Did not select",NA,"Did not select","",791.53,4.78,NA,12.06,NA,NA,NA,110.33,NA,NA,60.91,NA,366.75,NA,NA,NA,NA,NA,NA,NA,NA,226.92,NA,9.78,NA,9
"43",43,110,"2022-05-13 11:30:47",7,"en",985860495,"2022-05-13 11:24:48","2022-05-13 11:30:47","Yes","Man",NA,"25-34","Europe",NA,"1","1","0","0","0","","Did not select","","Did not select","","Did not select","","Did not select","","Did not select","Yes","4","4","1","1","1","1","4","5","3","4","4","4","4","4","4","4","5","2","2","3","3","2","4","3","3","5","5","5","5","5","4","4","4","4","1","1","1","","Did not select","","Did not select","","Did not select","","Did not select","","Did not select","","Did not select","","Did not select","","Did not select",NA,"Did not select",NA,"Did not select",NA,"Did not select",NA,"Did not select",NA,"Did not select",NA,"Did not select",NA,"Did not select",NA,"Did not select",NA,"Did not select",NA,"Did not select",NA,"Did not select",NA,"Did not select","",362.97,20.87,NA,18.88,NA,NA,NA,25.08,NA,NA,32.71,NA,245.79,NA,NA,NA,NA,NA,NA,NA,NA,15.52,NA,4.12,NA,2
"44",44,114,"2022-05-13 11:50:22",7,"en",2104064486,"2022-05-13 11:34:02","2022-05-13 11:50:22","Yes","Man",NA,"25-34","Europe",NA,"1","1","0","1","0","Triathlon world events","2","","Did not select","","Did not select","","Did not select","","Did not select","Yes","4","4","4","1","4","4","4","4","3","4","3","3","2","4","2","5","3","3","3","3","2","2","3","1","1","4","4","4","4","4","2","2","2","2","1","2","1","Flip turn timing","4","Distance at peak swimming speed (25m or 50m)","4","Timing of the different swimming phases (reaction time, flight phase, diving time, swimming time, flip turn time)","4","","Did not select","","Did not select","","Did not select","","Did not select","","Did not select",NA,"Did not select",NA,"Did not select",NA,"Did not select",NA,"Did not select",NA,"Did not select",NA,"Did not select",NA,"Did not select",NA,"Did not select",NA,"Did not select",NA,"Did not select",NA,"Did not select",NA,"Did not select","",985.55,21.56,NA,11.8,NA,NA,NA,73.81,NA,NA,112.82,NA,498.75,NA,NA,NA,NA,NA,NA,NA,NA,257.85,NA,8.96,NA,3
"45",45,115,"2022-05-13 11:45:09",7,"en",1444787296,"2022-05-13 11:35:19","2022-05-13 11:45:09","Yes","Man",NA,"25-34","Europe",NA,"1","0","0","0","0","","Did not select","","Did not select","","Did not select","","Did not select","","Did not select","Yes","5","5","3","3","2","2","5","3","2","2","4","4","4","4","2","4","5","3","3","5","4","2","5","4","2","4","5","3","5","5","3","5","4","4","2","2","2","","Did not select","","Did not select","","Did not select","","Did not select","","Did not select","","Did not select","","Did not select","","Did not select",NA,"Did not select",NA,"Did not select",NA,"Did not select",NA,"Did not select",NA,"Did not select",NA,"Did not select",NA,"Did not select",NA,"Did not select",NA,"Did not select",NA,"Did not select",NA,"Did not select",NA,"Did not select","",593.67,31.13,NA,63.87,NA,NA,NA,61.97,NA,NA,26.44,NA,401.23,NA,NA,NA,NA,NA,NA,NA,NA,5.7,NA,3.33,NA,1
"46",46,119,"2022-05-13 11:42:59",7,"en",543636858,"2022-05-13 11:36:50","2022-05-13 11:42:59","Yes","Man",NA,"25-34","Europe",NA,"1","1","1","0","0","","Did not select","","Did not select","","Did not select","","Did not select","","Did not select","Yes","3","4","5","3","4","4","3","4","2","3","4","4","4","4","3","4","3","3","3","2","4","2","5","5","5","5","4","3","2","2","5","5","5","5","3","3","1","","Did not select","","Did not select","","Did not select","","Did not select","","Did not select","","Did not select","","Did not select","","Did not select",NA,"Did not select",NA,"Did not select",NA,"Did not select",NA,"Did not select",NA,"Did not select",NA,"Did not select",NA,"Did not select",NA,"Did not select",NA,"Did not select",NA,"Did not select",NA,"Did not select",NA,"Did not select","",372.22,9.53,NA,12.33,NA,NA,NA,49.9,NA,NA,61.4,NA,226.14,NA,NA,NA,NA,NA,NA,NA,NA,10.03,NA,2.89,NA,3
"47",47,121,"2022-05-13 11:44:21",7,"en",146268293,"2022-05-13 11:38:13","2022-05-13 11:44:21","Yes","Woman",NA,"35-44","Europe",NA,"2","1","1","1","0","","Did not select","","Did not select","","Did not select","","Did not select","","Did not select","Yes","2","2","2","1","2","2","4","4","4","4","4","4","4","4","4","4","4","2","2","4","3","2","4","4","3","4","3","3","3","3","4","5","5","4","1","1","1","","Did not select","","Did not select","","Did not select","","Did not select","","Did not select","","Did not select","","Did not select","","Did not select",NA,"Did not select",NA,"Did not select",NA,"Did not select",NA,"Did not select",NA,"Did not select",NA,"Did not select",NA,"Did not select",NA,"Did not select",NA,"Did not select",NA,"Did not select",NA,"Did not select",NA,"Did not select","",371.99,19.27,NA,11.76,NA,NA,NA,69.63,NA,NA,35.45,NA,225.23,NA,NA,NA,NA,NA,NA,NA,NA,4.83,NA,5.82,NA,5
"48",48,123,"2022-05-13 11:45:49",7,"en",259317720,"2022-05-13 11:41:15","2022-05-13 11:45:49","Yes","Woman",NA,"18-24","Europe",NA,"2","1","0","0","0","","Did not select","","Did not select","","Did not select","","Did not select","","Did not select","Yes","5","5","5","1","1","1","2","5","5","5","1","5","1","5","1","5","1","4","5","5","4","2","2","5","2","2","5","5","5","1","2","1","4","4","1","1","1","","Did not select","","Did not select","","Did not select","","Did not select","","Did not select","","Did not select","","Did not select","","Did not select",NA,"Did not select",NA,"Did not select",NA,"Did not select",NA,"Did not select",NA,"Did not select",NA,"Did not select",NA,"Did not select",NA,"Did not select",NA,"Did not select",NA,"Did not select",NA,"Did not select",NA,"Did not select","",277.7,10.95,NA,9.8,NA,NA,NA,30.15,NA,NA,19.1,NA,197.81,NA,NA,NA,NA,NA,NA,NA,NA,7.13,NA,2.76,NA,3
"49",49,124,"2022-05-13 11:47:31",7,"en",1601107846,"2022-05-13 11:41:37","2022-05-13 11:47:31","Yes","Woman",NA,"25-34","Europe",NA,"2","0","2","2","0","","Did not select","","Did not select","","Did not select","","Did not select","","Did not select","Yes","5","4","4","1","5","5","1","3","1","1","4","5","5","5","4","2","4","3","5","4","1","4","5","5","1","5","5","5","5","5","5","5","5","0","1","1","1","","Did not select","","Did not select","","Did not select","","Did not select","","Did not select","","Did not select","","Did not select","","Did not select",NA,"Did not select",NA,"Did not select",NA,"Did not select",NA,"Did not select",NA,"Did not select",NA,"Did not select",NA,"Did not select",NA,"Did not select",NA,"Did not select",NA,"Did not select",NA,"Did not select",NA,"Did not select","",358.45,10.72,NA,17.72,NA,NA,NA,39.48,NA,NA,18.59,NA,263.84,NA,NA,NA,NA,NA,NA,NA,NA,5.11,NA,2.99,NA,6
"50",50,126,"2022-05-13 11:50:27",7,"en",798676673,"2022-05-13 11:45:13","2022-05-13 11:50:27","Yes","Man",NA,"25-34","Europe",NA,"1","1","0","0","0","","Did not select","","Did not select","","Did not select","","Did not select","","Did not select","Yes","3","3","1","2","1","1","4","2","2","4","3","2","3","5","2","3","5","3","3","2","1","1","4","3","4","4","3","4","5","2","1","4","1","1","2","2","1","","Did not select","","Did not select","","Did not select","","Did not select","","Did not select","","Did not select","","Did not select","","Did not select",NA,"Did not select",NA,"Did not select",NA,"Did not select",NA,"Did not select",NA,"Did not select",NA,"Did not select",NA,"Did not select",NA,"Did not select",NA,"Did not select",NA,"Did not select",NA,"Did not select",NA,"Did not select","",316.5,40.53,NA,14.2,NA,NA,NA,27.98,NA,NA,36.18,NA,185.53,NA,NA,NA,NA,NA,NA,NA,NA,8.18,NA,3.9,NA,2
"51",51,129,"2022-05-13 12:10:06",7,"en",354650886,"2022-05-13 12:05:33","2022-05-13 12:10:06","Yes","Man",NA,"18-24","Europe",NA,"2","1","1","1","0","","Did not select","","Did not select","","Did not select","","Did not select","","Did not select","Yes","3","4","4","2","5","5","2","4","2","3","3","4","4","3","3","5","4","3","3","4","3","1","5","5","2","4","4","3","4","4","2","4","3","3","3","2","3","","Did not select","","Did not select","","Did not select","","Did not select","","Did not select","","Did not select","","Did not select","","Did not select",NA,"Did not select",NA,"Did not select",NA,"Did not select",NA,"Did not select",NA,"Did not select",NA,"Did not select",NA,"Did not select",NA,"Did not select",NA,"Did not select",NA,"Did not select",NA,"Did not select",NA,"Did not select","",274.61,10.42,NA,12.27,NA,NA,NA,38.99,NA,NA,16.43,NA,164.45,NA,NA,NA,NA,NA,NA,NA,NA,28.01,NA,4.04,NA,5
"52",52,131,"2022-05-13 12:37:35",7,"en",422025408,"2022-05-13 12:30:09","2022-05-13 12:37:35","Yes","Woman",NA,"25-34","Europe",NA,"1","1","1","0","0","","Did not select","","Did not select","","Did not select","","Did not select","","Did not select","Yes","3","3","3","1","3","3","1","3","4","4","4","4","3","3","3","1","3","0","1","5","0","4","5","4","3","1","1","3","1","1","0","5","5","3","2","2","0","","Did not select","","Did not select","","Did not select","","Did not select","","Did not select","","Did not select","","Did not select","","Did not select",NA,"Did not select",NA,"Did not select",NA,"Did not select",NA,"Did not select",NA,"Did not select",NA,"Did not select",NA,"Did not select",NA,"Did not select",NA,"Did not select",NA,"Did not select",NA,"Did not select",NA,"Did not select","Les questions avec les sch¨¦mas ¨¦taient beaucoup plus compr¨¦hensible que les certaines questions ",451.01,33.29,NA,13.96,NA,NA,NA,44.91,NA,NA,30.46,NA,259.76,NA,NA,NA,NA,NA,NA,NA,NA,18.73,NA,49.9,NA,3
"53",53,132,"2022-05-13 13:05:12",7,"en",1280938025,"2022-05-13 12:51:59","2022-05-13 13:05:12","Yes","Man",NA,"55-64","Europe",NA,"1","1","1","0","0","","Did not select","","Did not select","","Did not select","","Did not select","","Did not select","Yes","4","5","4","2","4","2","2","5","3","3","4","4","5","4","3","5","5","4","4","4","1","1","4","4","4","4","5","4","5","4","4","4","4","4","0","2","0","Donn¨¦es sur l'entra<U+00EE>neur","4","Donn¨¦es sur les conditions et lieux d'entra<U+00EE>nement","4","Situer les participations ¨¤ diff¨¦rentes comp¨¦tions et leurs r¨¦sultats","4","Conna<U+00EE>tre le d¨¦calage horaire dans lequel se situe le nageur","3","","Did not select","","Did not select","","Did not select","","Did not select",NA,"Did not select",NA,"Did not select",NA,"Did not select",NA,"Did not select",NA,"Did not select",NA,"Did not select",NA,"Did not select",NA,"Did not select",NA,"Did not select",NA,"Did not select",NA,"Did not select",NA,"Did not select","Le questionnaire pourrait ¨ºtre am¨¦lior¨¦ dans le vocabulaire utilis¨¦ qui devrait ¨ºtre uniformis¨¦ (vouvoiement ou tutoiement ?) Les questions sont parfois difficiles ¨¤ interpr¨¦ter et laisse des biais. Je vous invite ¨¤ consulter la litt¨¦rature des SHS ¨¤ propos de la construction des questionnaires.
Par contre, c'est tr¨¨s m¨¦ritant de poser ces questions et d'¨¦tudier cette th¨¦matique.
bravo",796.87,24.49,NA,25.33,NA,NA,NA,50.95,NA,NA,38.32,NA,292.24,NA,NA,NA,NA,NA,NA,NA,NA,192.87,NA,172.67,NA,3
"54",54,134,"2022-05-16 13:46:59",7,"en",596377896,"2022-05-16 13:37:31","2022-05-16 13:46:59","Yes","Woman",NA,"25-34","Europe",NA,"1","0","0","0","0","","Did not select","","Did not select","","Did not select","","Did not select","","Did not select","Yes","5","5","5","5","3","3","4","5","4","3","3","4","4","4","4","4","2","3","3","2","1","1","5","5","5","5","4","4","4","4","3","5","2","4","1","1","1","","Did not select","","Did not select","","Did not select","","Did not select","","Did not select","","Did not select","","Did not select","","Did not select",NA,"Did not select",NA,"Did not select",NA,"Did not select",NA,"Did not select",NA,"Did not select",NA,"Did not select",NA,"Did not select",NA,"Did not select",NA,"Did not select",NA,"Did not select",NA,"Did not select",NA,"Did not select","",569.96,38.19,NA,15.21,NA,NA,NA,102.6,NA,NA,40.56,NA,357.96,NA,NA,NA,NA,NA,NA,NA,NA,7.2,NA,8.24,NA,1
"55",55,135,"2022-05-19 16:32:38",7,"en",185416803,"2022-05-19 16:17:22","2022-05-19 16:32:38","Yes","Woman",NA,"18-24","Europe",NA,"1","0","0","0","0","","Did not select","","Did not select","","Did not select","","Did not select","","Did not select","Yes","5","5","2","1","2","1","3","3","2","2","4","5","5","4","3","5","5","2","2","4","4","3","5","5","5","5","5","5","5","5","4","4","4","3","1","1","1","","Did not select","","Did not select","","Did not select","","Did not select","","Did not select","","Did not select","","Did not select","","Did not select",NA,"Did not select",NA,"Did not select",NA,"Did not select",NA,"Did not select",NA,"Did not select",NA,"Did not select",NA,"Did not select",NA,"Did not select",NA,"Did not select",NA,"Did not select",NA,"Did not select",NA,"Did not select","",919.18,14.63,NA,55.43,NA,NA,NA,39.52,NA,NA,16.09,NA,777.82,NA,NA,NA,NA,NA,NA,NA,NA,12.28,NA,3.41,NA,1
"56",56,140,"2022-06-01 15:52:09",7,"en",1129468892,"2022-06-01 15:32:46","2022-06-01 15:52:09","Yes","Man",NA,"25-34","Europe",NA,"1","1","0","0","0","","Did not select","","Did not select","","Did not select","","Did not select","","Did not select","Yes","5","5","3","3","1","1","3","4","3","4","5","5","5","2","3","3","4","2","4","5","1","1","5","5","2","2","2","2","2","1","1","5","5","2","1","1","1","Swimming styles (Breaststroke/Backstroke/<U+200E>Butterfly stroke/Freestyle swimming<U+200E><U+200E>)","5","Swimwear(high technology)","4","","Did not select","","Did not select","","Did not select","","Did not select","","Did not select","","Did not select",NA,"Did not select",NA,"Did not select",NA,"Did not select",NA,"Did not select",NA,"Did not select",NA,"Did not select",NA,"Did not select",NA,"Did not select",NA,"Did not select",NA,"Did not select",NA,"Did not select",NA,"Did not select","",1165.73,25.19,NA,38.79,NA,NA,NA,81.54,NA,NA,19.41,NA,262.61,NA,NA,NA,NA,NA,NA,NA,NA,694.3,NA,43.89,NA,2
"57",57,141,"2022-06-01 15:55:01",7,"en",1345632027,"2022-06-01 15:48:14","2022-06-01 15:55:01","Yes","Man",NA,"25-34","Europe",NA,"2","1","1","1","1","","Did not select","","Did not select","","Did not select","","Did not select","","Did not select","Yes","4","5","2","1","4","4","5","4","1","4","4","2","0","5","1","2","4","2","2","2","4","2","5","1","1","4","4","4","4","4","2","4","5","1","1","1","1","","Did not select","","Did not select","","Did not select","","Did not select","","Did not select","","Did not select","","Did not select","","Did not select",NA,"Did not select",NA,"Did not select",NA,"Did not select",NA,"Did not select",NA,"Did not select",NA,"Did not select",NA,"Did not select",NA,"Did not select",NA,"Did not select",NA,"Did not select",NA,"Did not select",NA,"Did not select","",408.92,16.16,NA,14.04,NA,NA,NA,31.14,NA,NA,51.11,NA,284.34,NA,NA,NA,NA,NA,NA,NA,NA,8.28,NA,3.85,NA,6
"58",58,142,"2022-06-01 15:57:16",7,"en",31905056,"2022-06-01 15:50:00","2022-06-01 15:57:16","Yes","Man",NA,"45-54","Europe",NA,"1","1","1","0","0","","Did not select","","Did not select","","Did not select","","Did not select","","Did not select","Yes","3","3","3","1","3","3","4","2","3","3","1","1","1","4","2","3","2","3","4","4","2","4","4","1","1","4","3","2","2","2","2","3","3","2","1","1","1","","Did not select","","Did not select","","Did not select","","Did not select","","Did not select","","Did not select","","Did not select","","Did not select",NA,"Did not select",NA,"Did not select",NA,"Did not select",NA,"Did not select",NA,"Did not select",NA,"Did not select",NA,"Did not select",NA,"Did not select",NA,"Did not select",NA,"Did not select",NA,"Did not select",NA,"Did not select","alles super :)",438.65,11.18,NA,11.25,NA,NA,NA,33.37,NA,NA,55.97,NA,301.53,NA,NA,NA,NA,NA,NA,NA,NA,7.88,NA,17.47,NA,3
"59",59,145,"2022-06-02 07:48:42",7,"en",1836076575,"2022-06-02 07:26:17","2022-06-02 07:48:42","Yes","Woman",NA,"35-44","North America",NA,"1","0","0","0","0","","Did not select","","Did not select","","Did not select","","Did not select","","Did not select","Yes","5","2","2","1","3","2","2","1","4","4","2","2","2","4","3","2","1","5","5","2","1","1","2","2","2","1","3","4","4","3","1","5","5","1","1","1","1","Predict 1st, 2nd and 3rd from the start of last lap","5","Swimmer's previous olympic awards","3","","Did not select","","Did not select","","Did not select","","Did not select","","Did not select","","Did not select",NA,"Did not select",NA,"Did not select",NA,"Did not select",NA,"Did not select",NA,"Did not select",NA,"Did not select",NA,"Did not select",NA,"Did not select",NA,"Did not select",NA,"Did not select",NA,"Did not select",NA,"Did not select","Very well done survey.  Excellent quality. Congrats!",1349.46,37.49,NA,31.88,NA,NA,NA,41.32,NA,NA,108.31,NA,761.43,NA,NA,NA,NA,NA,NA,NA,NA,322.84,NA,46.19,NA,1
"60",60,147,"2022-06-02 12:16:25",7,"en",459339446,"2022-06-02 12:10:55","2022-06-02 12:16:25","Yes","Man",NA,"25-34","Europe",NA,"1","0","0","0","0","","Did not select","","Did not select","","Did not select","","Did not select","","Did not select","Yes","4","3","4","1","4","4","5","5","5","5","5","3","5","5","4","3","3","3","4","4","3","3","5","5","5","5","5","5","5","4","3","5","4","4","2","2","2","","Did not select","","Did not select","","Did not select","","Did not select","","Did not select","","Did not select","","Did not select","","Did not select",NA,"Did not select",NA,"Did not select",NA,"Did not select",NA,"Did not select",NA,"Did not select",NA,"Did not select",NA,"Did not select",NA,"Did not select",NA,"Did not select",NA,"Did not select",NA,"Did not select",NA,"Did not select","",332.64,13.24,NA,10.21,NA,NA,NA,81.09,NA,NA,32.51,NA,180.42,NA,NA,NA,NA,NA,NA,NA,NA,8.79,NA,6.38,NA,1
"61",61,149,"2022-06-03 07:46:43",7,"en",1058774706,"2022-06-03 07:40:41","2022-06-03 07:46:43","Yes","Man",NA,"25-34","Europe",NA,"1","1","1","0","0","","Did not select","","Did not select","","Did not select","","Did not select","","Did not select","Yes","4","2","4","3","3","3","0","0","0","0","0","4","2","4","3","1","2","4","3","4","0","0","5","4","4","3","2","3","1","3","3","5","4","3","2","3","3","","Did not select","","Did not select","","Did not select","","Did not select","","Did not select","","Did not select","","Did not select","","Did not select",NA,"Did not select",NA,"Did not select",NA,"Did not select",NA,"Did not select",NA,"Did not select",NA,"Did not select",NA,"Did not select",NA,"Did not select",NA,"Did not select",NA,"Did not select",NA,"Did not select",NA,"Did not select","",365.55,36.17,NA,26.44,NA,NA,NA,68.58,NA,NA,35.9,NA,187.45,NA,NA,NA,NA,NA,NA,NA,NA,8.39,NA,2.62,NA,3
"62",62,153,"2022-06-10 11:13:30",7,"en",534814230,"2022-06-10 10:39:44","2022-06-10 11:13:30","Yes","Woman",NA,"25-34","Asia",NA,"3","2","1","1","2","","Did not select","","Did not select","","Did not select","","Did not select","","Did not select","Yes","3","3","4","2","3","4","3","5","4","3","4","5","4","4","4","5","4","4","4","5","3","2","5","5","4","5","2","3","3","3","4","5","5","2","3","3","1","The athlete's highest performance in this event","Slightly interetsed","Speed data analysis of athletes in event","3","","Did not select","","Did not select","","Did not select","","Did not select","","Did not select","","Did not select",NA,"Did not select",NA,"Did not select",NA,"Did not select",NA,"Did not select",NA,"Did not select",NA,"Did not select",NA,"Did not select",NA,"Did not select",NA,"Did not select",NA,"Did not select",NA,"Did not select",NA,"Did not select","Some of the data is incomprehensible to the layman on the TV screen.",2029.49,221.66,NA,80.73,NA,NA,NA,155.91,NA,NA,37.29,NA,502.31,NA,NA,NA,NA,NA,NA,NA,NA,768.98,NA,262.61,NA,9
"63",63,154,"2022-06-10 11:32:04",7,"en",1911716631,"2022-06-10 11:27:54","2022-06-10 11:32:04","Yes","Man",NA,"25-34","Africa",NA,"3","2","2","2","2","","Did not select","","Did not select","","Did not select","","Did not select","","Did not select","Yes","2","4","1","1","2","2","5","5","4","4","4","4","3","4","5","4","4","4","4","4","4","4","4","3","3","4","5","5","4","4","4","4","5","4","2","2","2","","Did not select","","Did not select","","Did not select","","Did not select","","Did not select","","Did not select","","Did not select","","Did not select",NA,"Did not select",NA,"Did not select",NA,"Did not select",NA,"Did not select",NA,"Did not select",NA,"Did not select",NA,"Did not select",NA,"Did not select",NA,"Did not select",NA,"Did not select",NA,"Did not select",NA,"Did not select","no",247.55,22.79,NA,19.44,NA,NA,NA,34.68,NA,NA,15.5,NA,125.22,NA,NA,NA,NA,NA,NA,NA,NA,20.52,NA,9.4,NA,11
"64",64,160,"2022-06-20 16:58:42",7,"en",376450886,"2022-06-20 16:48:55","2022-06-20 16:58:42","Yes","Man",NA,"35-44","Europe",NA,"0","0","0","0","0","","Did not select","","Did not select","","Did not select","","Did not select","","Did not select","Yes","4","4","1","1","1","1","3","4","3","3","4","4","4","4","3","3","4","3","3","4","4","3","4","3","3","3","3","4","3","3","4","4","4","4","1","1","1","Probablility of winning","4","Swimmer's energy depense estimation","3","Probability of record breaking","4","","Did not select","","Did not select","","Did not select","","Did not select","","Did not select",NA,"Did not select",NA,"Did not select",NA,"Did not select",NA,"Did not select",NA,"Did not select",NA,"Did not select",NA,"Did not select",NA,"Did not select",NA,"Did not select",NA,"Did not select",NA,"Did not select",NA,"Did not select","Very interesting study, I hope that you will find what you are looking for.",590.8,11.96,NA,20.49,NA,NA,NA,46.11,NA,NA,49.36,NA,269.65,NA,NA,NA,NA,NA,NA,NA,NA,150.58,NA,42.65,NA,0
"65",65,161,"2022-06-20 17:08:52",7,"en",655539673,"2022-06-20 17:01:56","2022-06-20 17:08:52","Yes","Woman",NA,"18-24","Europe",NA,"2","3","3","1","0","","Did not select","","Did not select","","Did not select","","Did not select","","Did not select","Yes","5","5","4","4","3","1","5","1","4","1","3","3","3","2","3","2","2","5","5","4","2","1","5","4","5","5","1","2","3","2","1","1","1","1","1","1","1","","Did not select","","Did not select","","Did not select","","Did not select","","Did not select","","Did not select","","Did not select","","Did not select",NA,"Did not select",NA,"Did not select",NA,"Did not select",NA,"Did not select",NA,"Did not select",NA,"Did not select",NA,"Did not select",NA,"Did not select",NA,"Did not select",NA,"Did not select",NA,"Did not select",NA,"Did not select","",419.4,20.74,NA,24.96,NA,NA,NA,57.26,NA,NA,52.66,NA,248.06,NA,NA,NA,NA,NA,NA,NA,NA,10.24,NA,5.48,NA,9
"66",66,162,"2022-06-20 17:17:33",7,"en",443717891,"2022-06-20 17:12:35","2022-06-20 17:17:33","Yes","Man",NA,"35-44","North America",NA,"2","2","2","2","0","","Did not select","","Did not select","","Did not select","","Did not select","","Did not select","Yes","1","1","2","1","2","2","5","5","5","5","5","5","5","5","5","5","5","5","1","5","5","5","4","4","4","4","5","5","5","5","3","2","2","2","1","1","1","","Did not select","","Did not select","","Did not select","","Did not select","","Did not select","","Did not select","","Did not select","","Did not select",NA,"Did not select",NA,"Did not select",NA,"Did not select",NA,"Did not select",NA,"Did not select",NA,"Did not select",NA,"Did not select",NA,"Did not select",NA,"Did not select",NA,"Did not select",NA,"Did not select",NA,"Did not select","",302.19,21.3,NA,10.86,NA,NA,NA,36.56,NA,NA,27.74,NA,193.37,NA,NA,NA,NA,NA,NA,NA,NA,9.52,NA,2.84,NA,8
"67",67,164,"2022-06-20 17:43:53",7,"en",2097083288,"2022-06-20 17:34:12","2022-06-20 17:43:53","Yes","Woman",NA,"35-44","Europe",NA,"3","1","1","1","0","","Did not select","","Did not select","","Did not select","","Did not select","","Did not select","Yes","3","3","3","3","3","3","4","4","4","4","4","4","2","4","4","2","4","2","2","4","4","2","4","4","4","4","5","5","5","5","4","4","4","4","2","3","2","","Did not select","","Did not select","","Did not select","","Did not select","","Did not select","","Did not select","","Did not select","","Did not select",NA,"Did not select",NA,"Did not select",NA,"Did not select",NA,"Did not select",NA,"Did not select",NA,"Did not select",NA,"Did not select",NA,"Did not select",NA,"Did not select",NA,"Did not select",NA,"Did not select",NA,"Did not select","",584.88,40.57,NA,15.62,NA,NA,NA,94.84,NA,NA,64.23,NA,349.57,NA,NA,NA,NA,NA,NA,NA,NA,10.55,NA,9.5,NA,6
"68",68,165,"2022-06-20 17:52:09",7,"en",441667928,"2022-06-20 17:45:26","2022-06-20 17:52:09","Yes","Man",NA,"35-44","Europe",NA,"3","3","2","3","1","","Did not select","","Did not select","","Did not select","","Did not select","","Did not select","Yes","4","3","1","1","1","1","5","3","1","4","4","1","3","2","1","3","1","1","2","4","1","1","4","3","3","2","2","3","4","1","2","3","2","1","1","1","4","diving distance (after starts and turns)","4","velocity underwater","4","","Did not select","","Did not select","","Did not select","","Did not select","","Did not select","","Did not select",NA,"Did not select",NA,"Did not select",NA,"Did not select",NA,"Did not select",NA,"Did not select",NA,"Did not select",NA,"Did not select",NA,"Did not select",NA,"Did not select",NA,"Did not select",NA,"Did not select",NA,"Did not select","",405.12,8.32,NA,8.35,NA,NA,NA,27.11,NA,NA,24.29,NA,221.17,NA,NA,NA,NA,NA,NA,NA,NA,99.83,NA,16.05,NA,12
"69",69,166,"2022-06-20 17:51:21",7,"en",1322210471,"2022-06-20 17:46:59","2022-06-20 17:51:21","Yes","Man",NA,"45-54","Europe",NA,"3","2","2","2","0","","Did not select","","Did not select","","Did not select","","Did not select","","Did not select","Yes","5","4","3","1","3","2","5","4","3","4","3","4","3","3","2","1","4","2","3","5","3","1","5","3","5","4","5","4","4","4","5","4","4","4","2","3","1","Takeover reaction time for relays","5","","Did not select","","Did not select","","Did not select","","Did not select","","Did not select","","Did not select","","Did not select",NA,"Did not select",NA,"Did not select",NA,"Did not select",NA,"Did not select",NA,"Did not select",NA,"Did not select",NA,"Did not select",NA,"Did not select",NA,"Did not select",NA,"Did not select",NA,"Did not select",NA,"Did not select","",264.53,22,NA,8.37,NA,NA,NA,27.38,NA,NA,26.84,NA,124.08,NA,NA,NA,NA,NA,NA,NA,NA,53.04,NA,2.82,NA,9
"70",70,169,"2022-06-20 18:41:42",7,"en",549178267,"2022-06-20 18:36:41","2022-06-20 18:41:42","Yes","Man",NA,"35-44","Europe",NA,"3","3","2","1","1","","Did not select","","Did not select","","Did not select","","Did not select","","Did not select","Yes","4","5","2","4","3","3","5","5","3","4","5","4","2","2","2","4","2","4","3","3","2","2","4","1","1","2","3","4","4","2","1","1","2","2","1","1","1","","Did not select","","Did not select","","Did not select","","Did not select","","Did not select","","Did not select","","Did not select","","Did not select",NA,"Did not select",NA,"Did not select",NA,"Did not select",NA,"Did not select",NA,"Did not select",NA,"Did not select",NA,"Did not select",NA,"Did not select",NA,"Did not select",NA,"Did not select",NA,"Did not select",NA,"Did not select","",303.39,20.1,NA,11.04,NA,NA,NA,41.02,NA,NA,30.69,NA,189.64,NA,NA,NA,NA,NA,NA,NA,NA,8.06,NA,2.84,NA,10
"71",71,171,"2022-06-20 22:32:11",7,"en",927455655,"2022-06-20 22:22:29","2022-06-20 22:32:11","Yes","Woman",NA,"18-24","Europe",NA,"3","3","3","1","0","","Did not select","","Did not select","","Did not select","","Did not select","","Did not select","Yes","5","4","4","5","4","2","3","4","4","5","4","5","4","5","3","3","4","4","1","3","1","1","5","5","3","4","3","4","2","2","1","1","1","1","1","2","1","Time they took for the turn at the wall when they arrive to when their feet leave the wall","4","","Did not select","","Did not select","","Did not select","","Did not select","","Did not select","","Did not select","","Did not select",NA,"Did not select",NA,"Did not select",NA,"Did not select",NA,"Did not select",NA,"Did not select",NA,"Did not select",NA,"Did not select",NA,"Did not select",NA,"Did not select",NA,"Did not select",NA,"Did not select",NA,"Did not select","I was really just thinking about the fact that I really like that we can see the speed (meters per second) of the swimmer (not all the time but sometimes) and that it was really interesting. Especially in long-distance races. ",584.17,39.34,NA,11.78,NA,NA,NA,30.25,NA,NA,45.35,NA,251.32,NA,NA,NA,NA,NA,NA,NA,NA,102.11,NA,104.02,NA,10
"72",72,174,"2022-06-21 08:25:26",7,"en",31732654,"2022-06-21 08:20:37","2022-06-21 08:25:26","Yes","Man",NA,"25-34","Europe",NA,"3","1","2","2","0","","Did not select","","Did not select","","Did not select","","Did not select","","Did not select","Yes","5","5","5","1","5","5","3","5","5","3","5","3","4","2","2","4","2","3","3","4","4","1","5","1","5","5","2","2","5","3","3","5","5","5","1","1","1","","Did not select","","Did not select","","Did not select","","Did not select","","Did not select","","Did not select","","Did not select","","Did not select",NA,"Did not select",NA,"Did not select",NA,"Did not select",NA,"Did not select",NA,"Did not select",NA,"Did not select",NA,"Did not select",NA,"Did not select",NA,"Did not select",NA,"Did not select",NA,"Did not select",NA,"Did not select","",291.61,14.33,NA,11.33,NA,NA,NA,43.1,NA,NA,40.42,NA,162.61,NA,NA,NA,NA,NA,NA,NA,NA,16.67,NA,3.15,NA,8
"73",73,177,"2022-06-21 14:42:49",7,"en",1652114154,"2022-06-21 14:04:51","2022-06-21 14:42:49","Yes","Man",NA,"65-74","North America",NA,"3","3","1","1","0","TYR Pro Series","2","NCAA Swimming and Diving Championships ( Men¡¯s & Women¡¯s","3","","Did not select","","Did not select","","Did not select","Yes","4","4","3","1","1","1","5","5","5","4","5","5","5","5","5","5","5","5","5","5","4","1","5","4","4","5","5","5","5","5","4","5","5","4","1","1","3","In many auto racing events, while you are watching on TV, there is a companion web site that shows lap times.  Would be great if some of the parameters like stroke frequency, distance per stroke would be posted as the race progresses.","5","The race data collected by your technology is posted on a web site for fans to view after the event is over.  The sport of swimming really does not have the ¡°stats¡± element that other sports have had for decades.","5","","Did not select","","Did not select","","Did not select","","Did not select","","Did not select","","Did not select",NA,"Did not select",NA,"Did not select",NA,"Did not select",NA,"Did not select",NA,"Did not select",NA,"Did not select",NA,"Did not select",NA,"Did not select",NA,"Did not select",NA,"Did not select",NA,"Did not select",NA,"Did not select","I was an elite level coach and a highly published author at the same time and this study is very exciting.  Having a mechanism that will display many of the really subtle yet interesting facts during and after a race.  The type of data your study will present has been confined to a select few and really has the potential to increase the fan appeal for swimming.  With the way the new streaming services work it is really hard sometimes to even get to watch some of the big international events.  Right now the World Swimming Championships are going on and it was not easy to watch the event live, or even see post race video posted because of copyright issues.  How can we grow viewership if it is hard to find.  Your technology could really unlock a view of swimming even if we can¡¯t see the race, we can see what happened.  All viewers usually ever get is some arbitrary analysis from a former swimmer broadcasters that really give dated information. Your study will add a level of sophistication to our sport similar to what ¡°Moneyball¡± did for baseball. If you know what that is?  

 I wish you great success with your study!  If you would like any further feedback from someone that was really inside the sport, please feel free to contact me. 

Budd Termin
termin@teamtermin.com",2279.55,23.48,NA,25.47,NA,NA,NA,159.85,NA,NA,43.25,NA,284.25,NA,NA,NA,NA,NA,NA,NA,NA,697.7,NA,1045.55,NA,8
"74",74,178,"2022-06-21 14:33:04",7,"en",997156057,"2022-06-21 14:11:46","2022-06-21 14:33:04","Yes","Man",NA,"55-64","Europe",NA,"2","2","1","1","1","Junior races (kids participating)","3","","Did not select","","Did not select","","Did not select","","Did not select","Yes","5","5","4","4","5","4","5","5","4","5","4","4","2","2","2","2","4","2","2","4","2","2","5","5","5","5","4","5","4","4","1","2","1","2","3","3","2","heartbeat","4","","Did not select","","Did not select","","Did not select","","Did not select","","Did not select","","Did not select","","Did not select",NA,"Did not select",NA,"Did not select",NA,"Did not select",NA,"Did not select",NA,"Did not select",NA,"Did not select",NA,"Did not select",NA,"Did not select",NA,"Did not select",NA,"Did not select",NA,"Did not select",NA,"Did not select","",1281.41,52.37,NA,24.27,NA,NA,NA,90.9,NA,NA,55.14,NA,302.55,NA,NA,NA,NA,NA,NA,NA,NA,733.35,NA,22.83,NA,7
"75",75,179,"2022-06-21 15:30:15",7,"en",143908367,"2022-06-21 15:26:21","2022-06-21 15:30:15","Yes","Man",NA,"55-64","North America",NA,"3","3","3","3","3","Olympic Games  2020 ","3","WORLD CHAMPIONSHIPS 2022 ","3","WORLD CHAMPIONSHIPS 2019 ","3","WORLD CHAMPIONSHIPS 2017 ","3","Olympic Games 2016 ","3","Yes","5","5","5","2","5","5","5","5","2","5","5","5","5","5","5","5","5","5","5","5","5","2","5","5","5","5","5","5","5","5","5","5","5","5","2","2","2","","Did not select","","Did not select","","Did not select","","Did not select","","Did not select","","Did not select","","Did not select","","Did not select",NA,"Did not select",NA,"Did not select",NA,"Did not select",NA,"Did not select",NA,"Did not select",NA,"Did not select",NA,"Did not select",NA,"Did not select",NA,"Did not select",NA,"Did not select",NA,"Did not select",NA,"Did not select","",237.49,13.75,NA,14.13,NA,NA,NA,74.37,NA,NA,23.31,NA,101.54,NA,NA,NA,NA,NA,NA,NA,NA,6.89,NA,3.5,NA,15
"76",76,181,"2022-06-22 08:49:48",7,"en",1541872818,"2022-06-22 08:38:46","2022-06-22 08:49:48","Yes","Woman",NA,"25-34","Europe",NA,"2","1","2","1","0","","Did not select","","Did not select","","Did not select","","Did not select","","Did not select","Yes","5","5","4","2","3","1","5","5","3","5","5","5","5","5","4","5","5","3","2","4","4","3","5","5","5","4","5","5","5","5","2","3","5","1","1","1","2","","Did not select","","Did not select","","Did not select","","Did not select","","Did not select","","Did not select","","Did not select","","Did not select",NA,"Did not select",NA,"Did not select",NA,"Did not select",NA,"Did not select",NA,"Did not select",NA,"Did not select",NA,"Did not select",NA,"Did not select",NA,"Did not select",NA,"Did not select",NA,"Did not select",NA,"Did not select","I do not think that the weight should be shown. Swimming is already a sport where you see the entire body and it is known that many swimmers have had experiences with bullying because of there body and bulimia. Therefore I do not recommend this question at all. Cheers from a concerned coach.",666.34,35.11,NA,8.33,NA,NA,NA,53.07,NA,NA,24.79,NA,215.51,NA,NA,NA,NA,NA,NA,NA,NA,14.85,NA,314.68,NA,6
"77",77,185,"2022-06-23 08:14:28",7,"en",1877996843,"2022-06-23 08:09:23","2022-06-23 08:14:28","Yes","Man",NA,"35-44","Europe",NA,"2","1","1","0","0","","Did not select","","Did not select","","Did not select","","Did not select","","Did not select","Yes","3","5","3","1","3","3","3","3","4","4","4","3","3","3","3","3","3","4","4","4","4","3","4","3","4","4","4","4","4","4","3","4","3","4","1","2","1","","Did not select","","Did not select","","Did not select","","Did not select","","Did not select","","Did not select","","Did not select","","Did not select",NA,"Did not select",NA,"Did not select",NA,"Did not select",NA,"Did not select",NA,"Did not select",NA,"Did not select",NA,"Did not select",NA,"Did not select",NA,"Did not select",NA,"Did not select",NA,"Did not select",NA,"Did not select","",307.46,16.42,NA,14.46,NA,NA,NA,41.32,NA,NA,27.76,NA,187.26,NA,NA,NA,NA,NA,NA,NA,NA,16.18,NA,4.06,NA,4
"78",78,186,"2022-06-23 09:43:30",7,"en",2123163254,"2022-06-23 09:30:32","2022-06-23 09:43:30","Yes","Man",NA,"35-44","Europe",NA,"2","2","1","1","0","","Did not select","","Did not select","","Did not select","","Did not select","","Did not select","Yes","3","3","2","2","3","2","4","3","3","2","3","3","2","2","2","2","2","2","2","2","3","3","4","3","3","2","3","3","3","3","2","3","3","2","3","2","1","comparison with previous races of the same swimmer","4","current year ranking (7th fastest swimmer this year)","4","all time ranking (7th fastest swimmer of all times)","4","power deployed by the swimmer (Watts) - for long races","3","","Did not select","","Did not select","","Did not select","","Did not select",NA,"Did not select",NA,"Did not select",NA,"Did not select",NA,"Did not select",NA,"Did not select",NA,"Did not select",NA,"Did not select",NA,"Did not select",NA,"Did not select",NA,"Did not select",NA,"Did not select",NA,"Did not select","No",780.78,51.27,NA,11.37,NA,NA,NA,53.15,NA,NA,43.16,NA,304.18,NA,NA,NA,NA,NA,NA,NA,NA,304.8,NA,12.85,NA,6
"79",79,187,"2022-06-23 23:24:37",7,"en",434910102,"2022-06-23 23:12:38","2022-06-23 23:24:37","Yes","Man",NA,"35-44","Europe",NA,"3","3","3","2","1","","Did not select","","Did not select","","Did not select","","Did not select","","Did not select","Yes","4","4","4","0","3","3","4","3","1","4","3","3","3","1","1","3","4","2","2","2","1","3","4","4","1","4","2","1","3","2","4","4","4","4","2","3","2","Underwater or emersion distances during start and turns","5","number of underwater kicking cycles during start and turns","4","","Did not select","","Did not select","","Did not select","","Did not select","","Did not select","","Did not select",NA,"Did not select",NA,"Did not select",NA,"Did not select",NA,"Did not select",NA,"Did not select",NA,"Did not select",NA,"Did not select",NA,"Did not select",NA,"Did not select",NA,"Did not select",NA,"Did not select",NA,"Did not select","Congratulations for the research. I am a researcher from Madrid (Spain) and i am interested in the topic. I think i have some ideas that could be useful for your research. Here is my contact: santiago.veiga@upm.es",720.75,24.02,NA,14.98,NA,NA,NA,43.11,NA,NA,31.67,NA,388.63,NA,NA,NA,NA,NA,NA,NA,NA,117.6,NA,100.74,NA,12
"80",80,190,"2022-06-28 14:58:03",7,"en",1734597852,"2022-06-28 14:51:25","2022-06-28 14:58:03","Yes","Man",NA,"45-54","Europe",NA,"0","0","0","0","0","","Did not select","","Did not select","","Did not select","","Did not select","","Did not select","Yes","4","4","3","1","1","3","4","3","2","4","3","3","1","4","3","2","2","2","3","4","3","1","3","3","2","2","1","3","3","1","3","4","4","2","1","1","1","","Did not select","","Did not select","","Did not select","","Did not select","","Did not select","","Did not select","","Did not select","","Did not select",NA,"Did not select",NA,"Did not select",NA,"Did not select",NA,"Did not select",NA,"Did not select",NA,"Did not select",NA,"Did not select",NA,"Did not select",NA,"Did not select",NA,"Did not select",NA,"Did not select",NA,"Did not select","",401,29.77,NA,15.31,NA,NA,NA,45.65,NA,NA,12.08,NA,278.38,NA,NA,NA,NA,NA,NA,NA,NA,16.43,NA,3.38,NA,0
